x1,x2,x3,x4,x5,x6,y
0.43876818915024235,-0.07905658399691141,-0.06443129842206996,-0.6872733846548508,1.0,1.0,3.3216336601648853
0.159325949289294,-0.7067201971236624,0.21123086447195644,-0.9376895912413719,-1.0,-0.41591985523676067,6.278572437404382
-1.0,-1.0,-0.7808925498039904,0.8081527327925387,0.6829548342090688,0.28149361222762664,-3.1228258739819914
1.0,-0.03366518508821392,0.628087052960437,1.0,0.16852439560972532,-0.5840348238849817,1.4448350694407377
-1.0,-1.0,0.7973349052615484,-0.7689137608141376,1.0,-0.7719839041609933,6.967918427200533
1.0,1.0,0.4471456810768919,0.4979658806995404,0.6622945685352145,-0.5387913312070545,-1.8192030594794053
0.1901539728029138,-0.036717729030130375,-1.0,-0.7778091534950666,-1.0,-0.06368624807235301,0.35626218037456403
-1.0,0.28334905532588106,-0.5346768439644025,-1.0,-1.0,0.03951990669177913,-0.8594741318483261
-0.24357612369311443,-0.11189042103121816,-0.8751504716596955,-1.0,-1.0,0.5419582897691777,1.6127516120522492
-0.3286769622798009,-0.5629537427811308,-0.6194806362253954,1.0,0.8133612318276282,-0.10294442516897645,-0.7725711271371666
-1.0,-0.1560534352104394,-1.0,-0.8305471492838078,-0.6437259672286616,0.6064646912584631,0.5500652404653857
-1.0,-0.9659646676897082,-0.12327285050783732,-1.0,1.0,0.6523587336545509,1.4676785679505693
0.3333874000371926,0.07903087216291793,1.0,0.9961204373906597,-0.3340318442262391,-1.0,1.9673163427943032
-0.14455094968500815,-0.0900546640263189,-1.0,-1.0,-1.0,-0.19954606274903108,0.06635145180160162
-0.3447781727696507,-0.572279288253809,0.4307310670208117,0.08768464844797888,-1.0,-1.0,0.6815150224085484
-1.0,-0.6446038066851256,-1.0,-0.8115506573504176,-1.0,-0.7211588719923333,1.4939569548558433
0.6019171245765615,-0.02983048822982337,1.0,-1.0,-1.0,-0.25521719444700386,3.2913547945247137
0.17824190008316876,-0.029638923936699202,0.7623887182127342,-0.009797029498244736,1.0,1.0,0.6596772739192607
-1.0,-0.6280376545929884,-1.0,0.09809877188871918,1.0,0.9541605685837067,5.603804867110446
-1.0,-0.6968375478244657,0.36022674275077526,0.05946275951488933,1.0,0.5439725266375243,2.109531684567661
0.5938949735927976,0.08802846513295426,-1.0,-0.8013299293831747,0.9540151835194953,0.9141440389192348,1.9988478991844147
-1.0,-1.0,-0.07609226874297992,-1.0,-1.0,-1.0,6.211137358872968
0.7194981259361298,0.8128288337809659,1.0,0.7456391559359933,1.0,1.0,-4.63380548403844
-1.0,-0.6802301101793857,-0.6264567494827549,-1.0,0.40986631801251094,-1.0,4.005195737717675
-1.0,-1.0,-0.23287873729000308,0.3445923905520093,-0.2699406448964822,-0.3672354549093094,-1.0811666933999742
-0.7217228210061082,-0.3671305073693022,-0.3946533986785532,-0.640622206249365,-0.3548445491434441,0.8692677389443124,0.8911990793212315
0.5801744202098449,0.8046086321373931,1.0,-0.5051707027448833,0.8455366874805644,0.08670810746059043,-2.6413303879951178
0.1791063166574954,-0.31186036198301037,-0.7494188466517268,-0.428894332955095,-0.5848064058035681,0.5613831970446115,1.850610340842808
-0.5946645299189022,-0.3827897128224126,-0.06964794080473957,-1.0,-0.47252079228826904,-0.01949658638428725,-0.45038303851362343
-0.6716265439997695,-0.7032499758261214,-0.8663611693334736,-1.0,0.7416932801711418,0.9662417332467489,1.9723415231543509
0.055331526337287495,-0.5315472673755055,0.07673603199508316,0.28813579306766846,1.0,0.8383402222022328,2.6621878794843212
1.0,0.855689928726153,-0.35523526421820906,0.569020178132901,-0.3015504682779072,-1.0,6.115388966624716
-1.0,0.04493099759666108,-1.0,-1.0,-1.0,-1.0,2.264671153385013
0.38249039356273684,1.0,0.3738055250992043,0.8842308976548632,0.11427834410796289,-1.0,2.720071927017157
1.0,0.29104755010401195,1.0,1.0,-0.6428653392466877,0.09751606656047929,1.7675669352012338
1.0,1.0,0.252558482414851,1.0,-0.18781807520557178,-1.0,7.647050971026996
-0.6841001744689059,0.7447335338791724,0.992151036436804,1.0,0.16073236962034737,0.8040995882150731,-5.240615694909284
-0.9296529834261344,0.8145058422050248,-0.13443390917390952,-0.7969282984681816,-1.0,-1.0,-3.0738844964448755
0.7106155522292233,-0.7920296990757087,0.25428549165118963,-0.6769508007976112,-0.6565535859005893,0.5368488435540858,2.946506420631816
-0.3040336769621271,-0.9608100592975866,-0.15343061831990124,-0.16579017322986422,-0.4541685184782793,-1.0,2.303932798687211
0.22597918146005647,0.9820978597297403,0.5267643507603044,1.0,-0.2379825473786437,0.38765198634945364,-1.1105190383805177
1.0,1.0,1.0,1.0,-0.5639210054977949,0.548665815665708,-0.01749931774962865
-0.012546757808429287,0.561212850545675,-0.08721470239736617,0.5969549895226702,-0.242740486319294,-0.48754372147700076,0.6765042157511119
-0.0692599609675908,-0.11643685493136491,-0.605671793535445,-0.9833105118079978,0.3147708846871742,-1.0,2.307071913437004
1.0,1.0,1.0,1.0,0.4244143708133229,0.6021183942600365,-5.9495994554376885
-1.0,-0.6879270136656127,-0.23798538218907328,-1.0,-1.0,-0.6970589983356501,2.4587251613840624
-1.0,-0.172121206521072,-1.0,-0.6923339735943093,-0.5300608178041584,0.3755232240871782,0.2074697478830212
-1.0,-0.280559573842738,-1.0,-0.3908951121452091,0.7669970844734484,0.9665899766711424,6.012112525989746
1.0,0.7371063085095735,0.1697901190238429,0.7519323893732046,-1.0,-0.9501160895395047,8.321369539632716
-1.0,-0.854722032647889,-1.0,-1.0,0.18929068853511832,1.0,-0.875552979052769
0.5057265338781157,-0.8357334584482039,0.8237069217854783,0.09772980883149385,-0.13723543233163782,-0.37674551338929985,2.06133698976896
-0.7468378921402435,0.7636589764855157,0.513550366982741,-0.9202753420273722,-0.2288044315755129,-0.9738268378143613,-1.8789148858831113
-1.0,-0.4217852561838562,0.9710802147567705,0.1529819778010597,0.8058299707389354,0.2102822143718437,-0.8840506856720189
-0.09728932692823111,0.047439412328892705,0.24798295794506942,-0.3059291580989393,0.26003499518096795,0.738610615359767,0.7720331362736774
0.17270902729308935,0.4294537114342356,1.0,1.0,1.0,1.0,-2.4960907920277426
-0.7128788961467923,-1.0,0.06410341174671286,-1.0,0.08174545487160545,0.4112046784482203,-2.4451627573805697
0.8300441041565126,0.7134067037089,0.278330829468876,1.0,1.0,0.18033575399918855,-2.982706637863285
-0.7741228231023859,0.6990203505670473,-0.08907593795699875,0.3709574069550214,-0.25211617181932544,-1.0,2.920956400888932
0.6031841372677501,0.2549816366255607,0.3502263383570212,0.5069281019752452,0.1250930716786922,0.8366281889064238,2.2070685955893197
0.8116571929495822,0.34198905322067996,-1.0,0.9992393286940556,1.0,1.0,0.7303536296471982
-0.7374942604507796,0.18603245983042033,-1.0,-1.0,0.054034348901514206,-0.026805578130130292,-0.5539220005311793
0.7610734395755254,1.0,1.0,1.0,0.3661273970512151,-0.6702762255100063,-2.7869566423179393
0.9858086667863051,1.0,1.0,0.24971741174623108,-0.4825656254428168,0.2726089161332072,-0.48970847672467804
-0.13816570268023037,-0.04004716125506086,-0.24402140699179795,-0.3242023708444013,-0.8007483670833404,-1.0,1.8461435151337482
-0.0056744874957779246,-1.0,-0.3143324635143616,-1.0,-0.3110636736288943,-0.4925928513544774,1.7715457280985536
0.1379625384207373,0.8126478826888672,-0.4681425730857471,-0.31410615225788596,-0.17814489858944893,-1.0,1.3124742345470761
-0.6938712404373939,-1.0,-0.7246740065769848,-0.5593746565544742,-0.2777337098102204,-0.11985290696607886,-2.720599644418915
1.0,1.0,0.5051803974029629,0.025844773602437643,-0.3408135136807555,-0.4350033431828529,0.1365590133424564
-0.12133006665976592,0.48376505269244385,-0.2682946895077062,-0.14596065929698,1.0,-0.14721997598112685,0.5168190659987635
0.42970472590104153,-1.0,-1.0,-1.0,0.2957607684772309,0.7837142184255051,-3.661427032593119
-0.5115967602255873,-0.03417327824072705,0.8051114258669452,0.5138254737648188,1.0,0.31943816866268426,0.7417630907123963
0.48008287181688025,0.07657441210321014,0.5866755600598599,-1.0,-0.31739860682446236,1.0,2.2860192782719926
-0.737439861210966,-0.19091849598562072,-0.5255577537864388,-0.3276330748165926,0.2503775522735405,-0.414674662485345,0.8331728873576462
-0.19815067270359177,0.7920763976840489,1.0,0.9029058923940744,1.0,1.0,-2.725805500567521
-1.0,-0.4538701119648514,0.9430721705043326,0.3700746392354317,-1.0,1.0,-5.12742246773165
-0.04568252315326146,-1.0,-1.0,0.3990975281162842,0.8926415819220175,-0.2422666446549126,-3.4919538745494805
0.958045146280963,0.5574685550973544,0.8647240059131562,0.2995673234629179,0.1009483326116952,-0.2125800642305543,0.7196918492503778
-0.28335631965512037,-0.10325578508979219,-0.504487352283829,-0.6160169894217873,-1.0,-1.0,0.49999665475251676
-0.05757133136905376,-1.0,0.5334816273993372,0.2831128277497458,0.9865611520292457,0.5193703629343711,1.033968938964638
-1.0,-1.0,-0.36328153210090575,-0.5504291650277728,0.45877799365989014,-0.33734330266467766,0.0846820512418125
-0.4617968104669136,-0.017703101383388986,-0.20859060187461592,0.23264184310700675,-0.07708959042242691,-0.3833861542762409,1.107582109379972
-0.053087239563077704,-0.42106712529086554,-1.0,-0.3433303763396677,0.67976615434837,1.0,6.040156307949986
1.0,0.4750188886620903,0.05840195662648802,1.0,0.4028793406784634,1.0,1.678076456679355
1.0,1.0,1.0,0.03401524880760887,-0.17673616192820507,-1.0,0.8862502580659445
0.2408884074963643,-0.5441544192302712,-1.0,-0.5807672272298285,1.0,1.0,2.162522113938793
-0.12729282168819667,-1.0,-0.19714670933696943,-0.016298190470157597,0.49451812688946184,1.0,2.105211897272628
1.0,0.13483482285340354,1.0,1.0,0.9599497905221652,1.0,-5.527151841059202
-1.0,-0.4084357370255485,-0.9614427639892089,-0.8366063570807569,0.45737513482220943,0.4965868840173646,-1.2819313880679055
-1.0,-1.0,-1.0,-0.2247205994732826,0.2677046150054455,-0.7333882313358054,0.24555739722997727
0.47327901280113016,0.5657937138664568,0.8777345967107979,0.8053790449655367,0.014966318915733634,1.0,-1.6333099143735732
-1.0,-0.36664088879334855,0.12636637421857588,0.6752584034620062,0.21365308274979578,0.384252176641117,0.9798540138779153
-0.21781539610154943,-1.0,-0.23333960020861433,-0.523486755625231,0.5917875660135794,1.0,0.7840548742547557
-0.3600383468729522,0.055709993629596194,-1.0,1.0,-0.920900448345463,-1.0,1.1055753517358302
-0.7850847933966256,-0.4885322759242319,-0.619133224015094,-1.0,0.9415025902652818,1.0,4.841872388205206
-0.43728256308649815,-0.1634530074383339,-0.26439582280557716,0.052808159750114714,-0.08280763901432686,0.24569013813270962,0.19077819751749725
-1.0,-1.0,0.16514617635390383,-1.0,-0.4513327881114495,-0.9120119736953896,5.509333711139346
-0.058944320253478066,-0.5922785977679789,-0.595979617252395,-0.32564442398426285,-0.23272243992825303,-0.027991252638592645,-0.5899384684448592
-0.021292890382235627,-0.7028151940586485,0.5230931487838714,-0.7707382230518057,0.529303581744965,1.0,-0.4030966164293319
-1.0,-1.0,-1.0,-0.4594561987794139,-0.1503373774119151,0.7826420282370091,-2.31647226259415
0.9256524625257312,-0.11756524929141987,0.5940461614959349,-0.3959499357581496,0.41903069810242477,0.2508633267081075,-2.3503409716905326
-0.859184535185861,-1.0,-1.0,-0.02748069736060027,-0.873149820165577,0.9796071423342206,1.073621692114146
-0.6022530418424743,-1.0,-0.4883310306861931,-1.0,-1.0,-0.5918521333381397,3.5752090860154473
0.10794024943956493,-1.0,-0.5276726973803864,-0.562815483716967,-1.0,0.3676671232518916,1.6369941422103842
-0.5412660836385433,0.6826105154233917,0.5847422538698384,0.6262169358810576,1.0,-0.07420179799658078,-0.06277397732848439
1.0,-0.7018866260962303,-0.4656470359104786,0.17206509793577202,0.162572021529787,-1.0,2.6276757156736226
0.9351122736298345,1.0,0.46256846798046003,-0.009716639714949293,-0.40072783182800964,1.0,3.3191126228843664
0.21849461026287176,0.9855874436204135,-0.25247976175615405,0.6351977875808497,-0.6871928006965113,-1.0,4.227879835154401
0.23812921275773502,0.7182395682983365,-0.7380333449644099,1.0,-0.3082550507575207,1.0,4.673511965515436
1.0,0.779608161439084,0.13083977184570128,-0.3979695592540063,-1.0,-0.1853888499359293,2.7582657297290143
1.0,0.16923124594642647,0.6029024062968965,-0.07927216151166416,0.32014496843003803,-1.0,3.052764320494933
-0.5704995411641091,1.0,0.10885841675472585,0.6664440304635363,0.24822211696769136,-0.7164584659248205,1.0438472354926214
1.0,0.3644983204158365,0.12599365670992413,1.0,-0.220660379210703,0.38147317096139244,1.372827384261131
0.07289088994598336,-1.0,-0.35294656663131246,0.22109471831046984,-1.0,-1.0,2.678122636392108
-1.0,-0.7947424322523517,-0.960072895194196,-0.9383299761311681,0.6238378598324164,0.8128897075312097,-2.2827698984237257
-1.0,0.14804073197007728,0.10405301381087817,-0.03925805590947057,-0.2911229431747313,-0.45071189548847923,-0.5785194794555657
0.9225988325440581,0.6779602782371197,-1.0,0.3468446004921669,-1.0,-0.35250702969421216,4.59042309206116
0.5474107666494128,0.8700740049615742,1.0,0.0020083522636655804,-0.6401645523797885,0.10896907241624934,-0.8497017663582291
0.1076930749231726,-0.5110228778899162,0.7922841205860794,0.25649392960788536,-1.0,1.0,1.2353185961083029
1.0,0.5919484736215559,-0.2614785534857212,0.2334992813792079,-1.0,-1.0,6.469544501101686
1.0,0.674578166120563,1.0,0.10435523839706984,-1.0,-0.7378140622546658,6.30128130641673
0.262489494750754,-0.3948520168635039,0.130099696246469,0.08316713384517271,-0.002163799830327051,-1.0,3.6240416271756866
0.3776366138033534,0.5653692829121146,-0.015215272906041966,-0.190022536539032,-0.08248968917815991,1.0,4.799573828516351
-0.18469120314448761,-1.0,-0.09417960798083858,-1.0,-0.7933928242197519,1.0,3.635353921170748
0.14440334627709153,-0.6032792831839501,-0.8096753702593688,-0.8218080007162827,-0.11898437759558278,-0.055367052824998986,-1.2768984045744733
-1.0,0.5555626487292181,0.21829360049863555,-0.1602198797771186,0.33138995479848676,-0.16450152851677696,0.14932014795092863
0.49558232194391644,0.16264386933440578,-0.6804857883607378,-0.4039585957511977,0.37359206061056804,0.020664856785255842,-0.596357485415962
-1.0,-0.9245478129198932,-0.8267056897494418,-0.5177728531471979,0.9726669609294347,1.0,2.8062854325284805
-1.0,-1.0,-0.27023002551269015,-1.0,0.1612137025735635,-0.6625121564465819,0.6375503648462064
1.0,0.8022977804912463,-0.28234144497157077,0.4643239283057934,0.056681882650986504,0.7161221569227526,2.2261561484283883
0.09945282908230424,0.8894787364311747,1.0,0.8971502829028359,-0.5241332364056673,-1.0,1.413124004235127
0.8330732624416789,1.0,0.8290270701659361,1.0,-0.5857927166563782,-0.7552813174051182,4.270531251864627
0.7918611765363492,-0.5228285209825557,-0.07950580940517299,-1.0,-1.0,-1.0,9.737286903676633
0.06327849667602803,-0.24538585757984555,0.10129809292501235,-0.5571783862260595,0.08577840420248795,0.28736724073793674,0.6402005125807195
0.27920369765100694,0.3650893217616841,1.0,-0.18246567343165748,-0.42245832082726786,-0.013157012688885805,-0.7738464076683753
0.04354000003367198,1.0,-0.760787591535886,-1.0,0.6064942891886888,-0.8901881338119215,0.612885553161045
0.04371558026739,-0.5529474321577676,-0.39893662965828763,-1.0,-0.8225815977010213,-1.0,4.362194021457642
-0.6718128737381237,-1.0,-0.25513421244125667,-0.27131994394937714,1.0,0.037793472100110526,1.3244872781749955
-0.6355793703492627,-1.0,1.0,-0.633328488116975,0.7855029826353649,0.9664167387875895,-1.6825523884808118
0.3715401165417537,-0.16254426440287384,-0.20136360102681097,0.7570905761024102,0.28812517022883083,0.2005921411639614,-0.3219279818521198
1.0,0.09073682500585029,1.0,0.020516181314189808,0.27679114241820696,0.6217871538901832,-2.5106876803132856
-1.0,0.20971405415590805,0.47234693627806856,-0.19898320624859817,1.0,1.0,4.296495951656933
1.0,0.7548776976123359,0.19113421748308423,1.0,0.23402917778145582,-0.4143423255160148,1.0997778751254346
0.3494439587473329,-0.12379255577640125,-0.30715492288063156,0.6676713314233941,-0.5713579650781678,0.9424630588230729,3.271221520550891
-1.0,-1.0,-1.0,-0.09006822812541837,-1.0,-1.0,0.11820107257000836
0.8136361997857008,0.8063366842586985,0.055577164500066216,1.0,-1.0,0.9240050307434715,6.083613394469482
-1.0,-1.0,-1.0,-0.5197721988441544,-1.0,0.5290746383302684,-5.0842075356286305
0.7309391885623431,0.30851257738340454,1.0,1.0,-0.4991420807492059,0.95467134018217,-0.6983546854653436
0.6376288227529426,0.3803356130433374,-0.7660012632832263,0.217646402825679,0.23910533753155938,0.5531750217940791,1.6060682264409776
-0.6430229494036239,-0.5754941613507529,-0.3090804235101045,1.0,0.6078365297735622,0.6304897743515412,1.9445337281081412
-1.0,-0.619955150616788,0.6730066820394776,-1.0,-0.12156719262072102,-1.0,4.5466911206356455
0.011392887175454947,1.0,0.30544705927202687,1.0,1.0,0.923932796946793,2.3983302260675887
1.0,-0.17686433726760709,1.0,0.3058374375134053,1.0,1.0,-6.440834571276227
1.0,0.3683028848159795,-0.3428017012672086,1.0,-1.0,-0.47798269145484396,4.776917240957666
-0.10097854100501702,-0.7253032324350861,0.41487897541383467,-0.8118492410940444,0.32672837418170997,-1.0,6.517053699052067
-1.0,-1.0,-0.35102421584352705,0.21318425949912923,0.2208945242962408,1.0,0.5635967035350131
-0.9529632717132522,-1.0,-1.0,-0.5303790811637594,-1.0,-1.0,0.7060407290837492
-1.0,-0.4963949324203345,-0.09449012808434798,-0.2632435487744125,1.0,-0.40937239943961395,3.6727536652359993
0.6348214945029778,0.4672186456484899,1.0,1.0,-1.0,0.3852765251487914,1.3208112085533492
-0.021732777561568356,0.0358911446741782,-1.0,-0.24175482626128245,0.21790599829840968,-0.5860914768345448,0.36183820502362585
-0.5689463321059585,0.14274265537930053,0.6405284574040291,0.3070294942598788,0.6575035467466056,-0.38092140529170393,0.7499157647934481
-1.0,0.09251524503191388,0.014216548887070135,-0.9362588581940704,0.9013562765317003,0.6897552272293173,4.502339804651665
1.0,1.0,0.715048248651674,0.7133534378160735,-1.0,-0.6952632670430526,6.166383915018303
-0.8775806656181627,-0.7911943114616881,-1.0,-1.0,-0.668231004784002,-0.008191617532687712,-3.500572440096231
-0.2648003227660621,-0.9082270349245811,-1.0,-0.6972428297472177,1.0,-0.7327272059176388,-0.7692537399095167
-0.44007687941506846,0.5717384074212418,0.955764040289435,0.9281903735138789,0.25960688622549183,0.3395342271601185,-1.9504059168436978
-1.0,-1.0,-0.0726617908656455,0.5193533655342106,-0.6955400723686118,-0.5435029842217372,-0.19766461995850293
-0.9199534585323685,-1.0,-0.9404544671731067,-0.7695559618825916,-0.291500984160177,0.3249126419388698,-5.14519129557457
0.9327165882151986,1.0,1.0,0.269315425813037,-0.9743004144893284,-1.0,3.933937387103957
-1.0,-1.0,-1.0,-1.0,0.606374149968651,-0.9345594089768858,0.9234585381426614
-0.9643903721364696,0.818309480270806,0.8093762892556183,0.40343197938699876,1.0,1.0,0.6275345684307991
-1.0,-0.345791402554827,-0.7600371865450934,-1.0,-0.004299598374223945,0.7867967592148761,1.2697231088155623
-0.12123473814933827,-1.0,-1.0,-0.39397821876723493,0.15766939315113726,1.0,1.5978221150319816
1.0,-0.26882089664439474,0.07447599693550377,0.1353143875188616,1.0,0.3003498913842352,-3.217807283078799
-0.3910612980705961,-0.31541793850009325,-0.7677783950881985,-1.0,-0.9005124453929865,0.21022821410422404,-1.0147665394317325
-1.0,-0.23660721896092696,-1.0,-1.0,0.6960703559887012,-1.0,6.916054042604138
-0.03722581313046752,0.13101033899567893,-0.22532717609507852,-0.027877239411274624,0.6604143165583699,-1.0,1.0069779817759366
0.8906407680778883,-0.983982776917651,1.0,0.22087069732006293,-0.024229547652673045,-0.3693462392740299,4.375029500813005
-0.390852988927368,1.0,-0.42503715638529943,0.10902652962951498,-1.0,-1.0,0.012619012492811055
-1.0,0.3181941520270053,0.11932066873248515,-1.0,0.6371884765658248,1.0,4.110464523732915
1.0,0.9551466935856179,-0.10470858155537444,-0.06040703376238965,0.26412347757228405,0.002287421827380842,-0.22239313604735242
0.7512205573624515,1.0,0.6334743305864825,0.3883947509545169,-0.6868072469607945,1.0,2.1076435190176506
-0.11111585377415432,0.3206343074441605,1.0,1.0,1.0,0.774069805502227,-2.0067622315948177
-1.0,-1.0,0.5142118816153238,-0.9316880554738045,-0.1209730706752169,0.3962364488526369,-3.503145302584797
0.34371710841436676,0.3874400333718212,-0.7990658501027693,0.2636520475174077,-0.36015761762973775,-0.8758142401782187,1.4867567749315285
1.0,-0.01135752422766173,1.0,0.025177825065383574,0.23023518511005797,-0.5738317750184335,1.4926775884996304
0.040674380132098564,-0.5755145578347088,1.0,0.517632606841383,0.31066409581635485,-0.017160139745558856,0.2439003116894351
1.0,-0.8861688022913405,-0.9161573335290928,0.09289943020316693,-0.43675854178258544,-0.9770613176076365,3.4669814752414516
1.0,0.08514770971690372,-0.02567152796279773,0.39732758654678463,0.22418073219441892,0.6997614029271,-0.429616154652749
1.0,0.7051492585052161,1.0,1.0,-1.0,0.843600050427432,2.4961157044024396
0.714095918621046,1.0,0.42118442145777,0.49595497400310395,-0.2333492043699147,-0.40084387769637436,0.9599823963940728
0.9309115857075623,0.9357412841008291,1.0,0.5955374561473822,-0.015122286726685252,-1.0,1.3827111444824953
1.0,1.0,0.5133976897631864,0.5470157502391262,-0.48008719769139524,-0.011825103038716867,1.227463452532402
-0.5732159056634165,-1.0,0.349763538413427,-0.35771862323763737,0.12033243636281804,-0.6443436872304651,3.201594750751966
1.0,-0.1926118041684014,0.7424894588502268,1.0,-0.16737456787669658,-0.8776693276602501,3.5066085061528147
0.2875712139219001,0.20729212618997916,-0.04737353195731492,1.0,1.0,0.45571951229072405,0.12802283167562528
-0.13184093875263353,-0.36610202962299465,0.7677739318690193,0.29860957081991524,-1.0,0.4123887933046472,-1.4820643477014674
0.20957216682913615,1.0,0.033671979446366684,0.7552998712701446,-0.6693815025219385,-1.0,4.621399188462144
1.0,0.5958341287525626,1.0,0.840089918046411,-0.8741087644373611,-0.29830052846918775,5.124812161652733
0.8658736240412989,1.0,0.4853033141894072,1.0,-0.5501184342654079,1.0,3.591906319517765
0.1909677703836704,-1.0,-1.0,0.29591102448261575,-1.0,-0.3663873925354999,-1.5552546984260023
0.7500417904934917,0.626003652161238,1.0,1.0,-1.0,-0.9532847684485746,5.781457216092807
1.0,1.0,0.8919919119570744,0.5240313900550839,-0.7854435421076134,-0.048590215124856784,1.5923330952948849
0.17557107808798111,0.719142116126531,0.6804877715495716,0.12143543862899664,1.0,-1.0,0.6512045110626126
-0.8716511665608352,-0.8247245381340255,-0.41121703610715094,-0.47180818966972055,-1.0,1.0,0.6354636765918695
-1.0,-1.0,-0.35217738748602634,-1.0,-0.3187233357877698,-0.1594101493105219,-2.1740705757275385
-1.0,0.7092957689275914,0.4127219509174575,-0.024918876600116102,-0.9308679781616382,-1.0,-2.2838242503490096
1.0,-0.8063824645497033,-0.8281114480044929,-1.0,1.0,-0.35602946164959515,-3.4498262801477497
-1.0,-0.007507373320290833,-1.0,-0.5109933053077105,0.17539752375920148,0.9099179076641144,5.449374900857829
0.5099521704812648,0.8498235054031519,0.021303515361193293,1.0,0.2410780891162403,1.0,2.2759010909691058
0.9427480052486451,0.5098684485123068,-0.24373953013936178,-0.7942954816153937,0.938570011183693,1.0,3.8726493734691605
1.0,0.8365391119610914,0.4042662044234767,0.23340475625291268,-0.4512086634862674,-0.38699835629773727,1.2771038770373826
-1.0,-0.8287658691745531,-1.0,0.5615260824378386,1.0,0.1365969435259208,-3.043269703676179
1.0,0.8087269764825358,0.24240540109383346,0.9992167011894675,0.5333570701096623,0.31206112853739,-2.4345308012135742
0.7417897844079397,0.17937984456668965,1.0,1.0,-0.2532722982037371,-0.8261567758653006,1.8656132856175083
0.1956906940937766,-0.6252142773063714,-0.08779919268270889,-0.698220573722524,-1.0,-0.8052003941120519,4.190908261023031
-0.8320739815100775,-1.0,-0.43611627240905126,-0.14679740298129107,-1.0,0.5492513890627432,-2.1526037363133765
0.1138622151387056,-0.32509143358439263,0.6409384264979423,-0.0506993556050247,-0.17931835432879445,-1.0,3.736802046638164
-0.03514676542411033,-0.7974462297228758,0.5811382716414232,-1.0,-1.0,-0.65517771091812,7.267115454430747
0.44147797812437034,0.17991330467786593,0.2812215349631578,0.5594565729834333,-0.042697620028765426,0.561776833668572,0.6046330356045405
-0.6738671760695584,-0.018391593719185195,-0.46699629106636653,-1.0,1.0,-0.8041819820238711,4.990611193622394
0.7257608547965313,1.0,-0.3878033812177682,1.0,0.2757220145781075,1.0,3.000211408063087
0.9790964649924448,0.9949949600870154,1.0,0.9959469733104064,-0.8769350304892829,-0.6894357284306024,5.871747892095341
0.3096305606413608,0.005915128151805726,0.1582043816355106,-0.07991356753251622,-1.0,-1.0,3.3713346622051237
-0.7046365150161055,-0.35648174962155,-0.6377984538418294,0.27281786879818526,-0.512426709336649,-1.0,1.9999054143207078
1.0,1.0,0.22904239412882466,1.0,-0.8817155590125937,0.48183886797734476,4.754042354412146
1.0,1.0,0.9377716514555401,0.6917565699337691,0.39947132623487214,0.045948895257590716,-3.4226446537530046
0.08414195763782506,1.0,1.0,1.0,1.0,1.0,-5.782143802905592
-1.0,-0.2957854458909488,-1.0,-0.8102699793123274,1.0,0.421412998817261,-0.12734440689914905
-1.0,-0.8878515362503095,-0.8993971042536872,-1.0,0.19666736355346148,0.15060236004757047,-5.750535612936439
-1.0,-1.0,0.2827093201177896,-1.0,-1.0,-0.43017109663058783,3.6394710046215777
-0.76141417586653,0.39126595076216636,-0.2159762512993481,-0.5655568776176495,-0.8136051660165369,-1.0,-0.8680559577964371
1.0,1.0,0.28710685066378905,-0.1393270699701876,-1.0,-0.04031515760448934,2.626704861977891
0.6262440764212942,-0.016670909329179695,-0.11410236182740097,-0.2596324794233977,-1.0,-0.3502361127435064,2.2089933252900193
-0.47487467917096227,-0.2512746286708558,-0.6758282133972437,-1.0,0.7798180145957797,-0.46853116945913387,1.3629304804801616
0.3870869892570401,-0.5483139808602472,-1.0,-0.41578990179708075,0.5169206345177131,0.9006971437802644,2.8151108697955722
-1.0,-0.07159096464248571,-0.6926725195896353,-0.8357708258685491,0.3218066751919302,1.0,4.647454798475711
-1.0,-1.0,-1.0,-1.0,-1.0,0.4756757623983049,-4.061288158113788
-0.6260431856271973,0.5759226592942346,-0.11737602975343359,-0.14007030822268418,-0.5876795527243588,-0.3574832724569539,-1.692894273246
0.9671441130346392,0.0715220878705255,1.0,0.4417998906031046,-0.39129619568649776,-0.7381208274853353,5.481092821805592
-1.0,-0.2620297550139963,-0.05911114936098619,-1.0,-0.20316649280438792,-0.5032147948804055,1.1397718023313903
1.0,0.9508675151396562,1.0,1.0,0.1749330950049228,-1.0,0.8242370181204307
-0.25336462398338977,-0.4724039088942562,-0.7835005142537819,0.3442491057862572,-0.3503323626037689,-1.0,2.0690409125745344
-0.6132335289228379,0.5147955494162271,0.19047682587154274,-0.7372296081930052,-0.5569510992179014,-0.041396704496540204,-0.2828420011210334
-1.0,-1.0,-1.0,-1.0,-0.17795131119729976,-0.11680795038756292,-6.170296734735915
-0.3304164098974103,-0.14512887079458348,0.6114178414826129,-0.5610421793384963,-0.045794166456334676,0.8520419154907931,0.015363621934079419
1.0,0.7200738956955419,1.0,1.0,-0.22006482565345176,0.4126657125962555,-1.6243398052911273
1.0,0.5058778311065273,1.0,0.4512340137980191,-0.6015238190623656,-0.339731791198397,2.914520726666372
-0.9643300007332758,-0.07690660851283604,1.0,0.40052910669984204,-0.13024243809219294,-0.5326413362784166,1.0117450543448436
-1.0,-1.0,-0.11737498513066369,-0.3135777908985944,1.0,0.5402935042248453,1.8511877759584094
-1.0,-0.10019715383927785,-0.4686129749845398,-1.0,0.9365439057211017,-0.9623619869411486,6.930334949313676
0.22121621360308796,1.0,1.0,1.0,0.5292129613097373,0.42991803288258346,-7.298958466300877
-1.0,-0.10202875588232174,-0.6933538241775024,-0.2628422446574996,-1.0,-1.0,0.5211886381573859
1.0,0.3091950911257215,0.28472469816290924,1.0,-1.0,-0.17783588956144758,3.872312958982034
0.5238550330900277,0.23344329889985493,0.7229274600071094,-0.26832173911098445,0.024287060970601737,-0.24270880221594548,-0.11714043808374563
0.5934460144697276,1.0,0.8146641275932482,0.0963933848276155,-1.0,0.6904529328430541,-0.5050222488807026
1.0,-0.6452324826918553,0.7049417522303032,0.8062367439748089,0.3959255005781897,-0.9522707051162747,3.206925576015939
0.06603561344877473,-0.8723973706937644,0.3802671332136907,-0.6317376459660022,0.8297580803554743,0.14454117521476206,0.88122238845604
-0.6032087590336892,-0.21634365398951255,-0.4804681641846783,-0.6381393652904289,-0.9602945899046335,-1.0,0.5070101652766332
0.35814875159931003,1.0,1.0,1.0,1.0,1.0,-6.92401788607695
0.7832811012361465,1.0,0.06829328742935858,1.0,-0.660786940106007,0.2181446008902258,3.2718798205610535
-0.04012832293555983,-0.39190713376723185,0.6084146524588108,-0.06806222402411718,-0.41723323451903943,-0.2458543238431286,1.0461328013755071
-0.11075230476547537,-0.026821216368428876,0.060093405101714126,-0.947158756162279,-0.24088846679986964,-0.29666572315972084,0.6384684308184816
1.0,0.29272080074868656,1.0,1.0,-0.30972941021682665,-0.6440915252534668,3.570203045180944
-1.0,-0.8299740552060713,-1.0,-1.0,0.6403265487188102,0.7845931113599354,-4.183223577536536
-0.13609052015901016,-1.0,-1.0,-1.0,-1.0,1.0,7.299053444336084
-0.856509495027151,-1.0,-0.5601522718647908,-1.0,-0.0818168579856291,1.0,-2.9080259084857922
-1.0,-1.0,-0.8723280521964707,-1.0,1.0,0.5488894639397539,-5.292193816820016
-1.0,-0.10304585606480676,0.04281624168512883,-0.2997803112165327,0.09817729925526769,-0.6819040283196497,2.0992028388322233
0.057270718752450045,0.6585488406710303,-1.0,0.6453423782490452,0.3909873388754151,-0.12980855340528208,-0.12492457912037191
-0.23202199795618095,0.14328809092295924,-0.3814459453886959,-0.6696981656707792,0.6379313727235731,-1.0,2.5904018567564835
0.7147300729374337,-1.0,-1.0,-1.0,-0.6412825198387614,-1.0,7.963478570068952
1.0,-0.2056022681187681,-0.3511310199620653,0.409488332255712,0.05095789576020615,1.0,1.5408336472576467
0.09751523908648008,-0.7569560477318154,-0.2084182897891238,-1.0,0.7972789635561264,1.0,0.8269738000938143
0.8800276003849932,0.9648838346639304,-0.48024831191193484,0.8705663762541921,-0.5490729619261876,-0.47389194591520395,5.0530836541542286
-0.5526900341786136,0.32767946930924086,-0.7911054900597618,0.9712969558957691,-1.0,-1.0,0.8217737178639722
-0.7315849211252627,0.6035363045256947,-0.24875328168997457,0.5343913895419357,0.13113340693646836,0.007920721296179711,0.7276919298317545
-0.13362936046474116,-0.3356436346093604,0.5137273420962897,-0.12257022201205803,-0.11774740681793158,1.0,0.08632340725244536
-0.9699967457586118,-0.17939445576213475,-0.5468894250339309,-1.0,0.5418164104513894,0.4040283430434648,2.0630524590052413
-0.08611837650883203,0.8217776828408614,0.020752730127935326,-1.0,1.0,1.0,7.463437389485019
-0.5747005941307757,-1.0,-0.04407737619767765,-0.3748724258123543,0.46194480443602837,-1.0,5.108104973038084
-0.014613749781963836,0.5217687419324031,0.6398914462037031,0.20410066273701266,-1.0,-0.22552946694309184,0.20012812402181007
0.3248863254819626,1.0,1.0,0.15420858739851195,-0.38998990436874814,-0.20521159999201888,-1.9331483728007786
1.0,0.03986967149043186,1.0,0.8610570300557085,-1.0,-0.598408523828466,6.258919799063433
0.9298343973613363,0.577295887013301,0.36900741383152447,0.6208323127078648,0.16863343654274232,0.6250422054673899,-0.3436907928218649
-0.3340094123147952,-0.21253064630465607,1.0,-1.0,0.44127765673956354,0.7766526288255802,-2.4954810914855288
-1.0,0.061701162263448406,-0.0904406459582471,-1.0,0.6723343705837357,1.0,5.375784004701981
0.82344873969769,0.4955161248472939,1.0,1.0,-1.0,-0.13670633628776818,2.5241651000875898
1.0,0.4728465484388701,0.48082243157487464,0.9866015836412779,-0.36535901024924355,0.5827362513709645,0.7807175023888211
-0.7362225838125249,-0.9166580796858605,-0.8510864781447582,-0.20764842056884097,-1.0,-0.0646277072658239,-3.4285007916923265
0.24280994110955811,-0.010094589283559968,0.2401694676809995,-0.32051374545475586,-0.9764407279846792,-0.26958982782939445,1.6746642678719703
0.980693522083395,0.4896743330715987,0.5452278720887467,0.0583028719079805,-0.6349059700092291,-1.0,6.944860874057703
-0.33287422407482903,-0.03671528542530028,0.7590754821870722,0.9003078501550965,-0.9511758284765117,-1.0,0.891531415190995
1.0,0.744562506173577,0.6131723219061308,0.5375033769189832,0.5524201486079433,-0.1883040012835952,-1.6443189307076862
0.5900075869940709,-0.09121620383362417,-1.0,-1.0,0.7428146957831432,1.0,1.8263376224840355
0.5053305835563926,0.8114959949551078,0.946326671039519,1.0,0.32719428964526553,1.0,-4.123272753533261
-0.9426809150126167,-0.5626355705998398,-0.26955466003429773,-0.006024540212488327,-0.5402142696196817,-1.0,1.8564872608185965
1.0,1.0,-0.08036084314607594,0.01415450798940665,0.7163315495465062,-1.0,0.3012634153172182
0.17874372550578194,0.7811636033266438,0.3622191670674933,-0.3487551621150778,-0.5853025151954248,-0.8896639437756714,0.9310677483657802
0.8595970629034162,0.7629365483735853,0.9697589944436529,1.0,0.6309529732140902,0.2771674086098758,-5.217268056058996
0.21670884293232073,-0.10942921027997965,-0.44299767128861667,-0.9644962181833167,-1.0,-1.0,3.324867310261488
0.647789342614626,0.5726618198287746,-0.2877882848427691,0.10171244065280843,-1.0,-1.0,3.5145480443446724
0.8538880711502874,-0.30727499321477303,0.4517984970065052,0.3809834897168237,-0.02372913050072667,-0.05131877790032546,0.9009685221725205
-1.0,-0.9100927477117831,-1.0,-1.0,0.0887463962607164,1.0,-1.0368870684380695
0.8700411007151463,1.0,1.0,0.9330817645745432,-0.23763172685298833,-0.7464210822433865,1.5330027786736675
0.48153465414012764,-0.564254152149831,0.6957682912543603,-0.0780159280940578,0.03971628634045413,0.1612213219086806,0.9786379476210759
0.09626793679822654,0.718575226709135,0.397035190693834,-0.33841503478738016,0.6666537870124725,-0.18072819414374508,-1.0839418374799419
0.6058645183143678,0.7770952770920109,-0.6096489302422634,0.9123853899267017,0.21077396518078306,-0.6841094547959948,0.6747621626550185
0.22808690912797536,0.13826508470159093,-0.1726093325668674,0.18889735547492026,-0.274442955412588,-0.06236566879789002,1.3627287794965794
0.2663632523172423,0.21677327049484885,-0.6318933113880733,-0.5194092340685461,0.6736260763525233,0.2694873163999887,0.14424281815517898
-0.5861259798709169,0.47782324436752477,1.0,0.9048596908327062,0.24266987580224886,1.0,-2.9213533541272625
-0.29060070119597714,-0.17927141123124485,-0.22954065572184357,-0.2685474206908962,-0.7758210197594642,-0.32819358485840033,-1.2648004520775726
-1.0,-0.11073988758349917,-1.0,1.0,0.0709153637369732,-1.0,4.7673677797469844
-0.6920149865090814,-1.0,0.430457548877974,0.3224997893247787,-0.41578870050650385,-0.5045857313101343,2.33771386280398
0.5434867986582639,0.17314368179498696,0.01682473048841726,0.7266412178572157,0.2433316815362241,0.4187982662539962,-0.4654627445192796
1.0,0.39670024758218625,1.0,1.0,-1.0,-0.18907996994228615,5.170893134193911
0.08305361125430744,1.0,1.0,1.0,-0.8575618306150448,-0.1183168237693848,-1.3981932030072313
0.7153802075576845,-1.0,0.9372506458612091,-1.0,-0.36740308551191164,-0.536815522736149,8.189562913654761
0.03503855541263212,-0.29548849730127014,0.5707577394336406,0.18821827812033048,0.5364495856874445,-1.0,3.749034593878981
-1.0,-1.0,-1.0,-1.0,-1.0,-0.02937435992820503,-2.4887102063793733
1.0,0.6848868818889413,0.5099403908917832,1.0,1.0,-0.568895740115856,-0.7461623347864677
-0.05782674946695743,0.914839124715328,0.24493205288023412,-1.0,-0.44132231122243604,1.0,5.183527134983168
-0.2858251336747656,0.7975861302887638,0.2717918123962477,0.5135481725367739,0.19847758583255515,0.6895472715235202,0.3142269346864075
0.1869978424501617,-0.44006218277630493,-0.14219570435807702,-1.0,0.7987849631592988,0.6683374277234355,0.4247250172511611
-0.1586318806851481,-1.0,-0.003447453243905496,0.3111063824268888,0.24039651947043772,0.596795235678156,1.505791378199856
-1.0,-0.5202090965529287,-1.0,-1.0,1.0,0.9102301967198605,3.2245346723825707
-1.0,-1.0,-0.040360550197287154,0.13178725864119994,-0.5043566987989014,-0.44583828424157285,-0.5643135247324517
0.18562086748407447,-1.0,-0.7844754354245744,-0.5914129265735402,-1.0,-1.0,4.698400702143286
-1.0,-1.0,-0.27313831576093417,-1.0,0.1216351274534353,-0.5741856956570612,0.9282957056542198
-1.0,-1.0,-1.0,-0.7700750465230648,1.0,1.0,0.06442224908006253
-0.6358176624306686,-0.8887792077044421,-1.0,-0.9251392720082481,-0.5771323520840302,-0.14683168586818185,-2.8152118588424306
-0.9314752700511503,0.2575583140051923,-0.3357224471657385,-0.2651658883672222,0.2562230553864545,-0.7519110382687102,2.454936687497936
1.0,0.3359155599446779,1.0,0.8242588586050585,-0.16625206923811553,-0.11492595662755867,0.8478151702327581
1.0,1.0,-0.2057448581957103,1.0,1.0,0.06400744917050916,-1.0230521695753123
0.5312832223531314,-0.6298628875453186,0.7801645071195831,1.0,-1.0,-1.0,5.697777847641359
0.42484426592336355,-0.6918875043824002,-1.0,-1.0,0.9354083290449966,1.0,-0.3814266948382283
-0.8825147406192392,-1.0,-1.0,-1.0,1.0,0.793759249899346,-4.297716550759678
0.5026250022851451,1.0,0.5600969356582632,0.14036509151232623,1.0,1.0,0.8667113079991939
0.6268928078757401,0.3561835239627528,-0.4307587037656866,-0.04760774154301804,0.11426787665447684,1.0,3.8184764477551973
1.0,0.9885115907619173,-0.3674122878171026,0.19642870717596939,-0.7606416844342448,-1.0,6.462491427030091
-0.17888086899790545,-0.56718278264196,1.0,1.0,-0.46117729453698136,-0.08857207240904508,-0.9910392108373407
0.15147682478656985,0.9368113911268525,-0.31287272278495676,0.7315914455421304,0.703920961347192,-0.9180776422203752,1.303723088770333
-1.0,1.0,-0.7990405916795327,1.0,-1.0,-0.37432424669900743,2.1101602770894288
0.5303233450276341,0.9280856749632864,-0.45986052221017415,1.0,-1.0,-0.5262755748581291,5.270802813016997
-0.8313135930711004,-0.4906737753857454,-0.5838069360397622,0.3704345260984108,-0.17414624192423256,0.053067424818399156,-1.6818468770524795
0.11486369726640344,-0.6220215411549017,0.7235859463932195,0.4571906907631147,1.0,1.0,1.7096876803301428
0.0916483229533765,-0.6673130083302559,1.0,-0.061341535855027884,1.0,-0.4477120301522467,1.1321252071324228
0.23158541155199613,-0.6576868505142139,-1.0,-0.4089329573591324,0.7594482930229957,0.23216992917505605,-1.0975972581419011
0.5501756341255004,1.0,0.8071787114832218,1.0,-0.3790873095332302,1.0,-1.830189145012157
-0.13345253019597791,0.7729534266216511,-0.03673663302952024,-0.04767281846997318,-0.7085292281913529,-0.6186602220193081,-0.3742971622511254
0.19611400860299966,0.20147730816145804,-0.20926654875364079,-0.8393232724039398,0.11878422038414094,1.0,4.294120241045257
-1.0,-0.7043710234688965,0.05183314544801976,-0.7754777092472449,0.10235643631379437,1.0,-1.8711196858540524
0.23396466796692342,0.1788974970553488,-0.258167346074778,0.17223275279059402,-0.025620873149977186,1.0,3.076181864921992
-1.0,-1.0,-0.03583754347332091,0.3361650918029162,0.18321631544414663,-0.46520072102738463,0.7384798998273646
1.0,1.0,1.0,1.0,0.8688950930302012,-0.8867075795420165,-4.438563658177731
0.16564129205947453,-1.0,1.0,0.43320834655457546,1.0,-0.2895699864786125,0.7946903623028436
0.19458256552995534,0.47062476127591113,0.40740093717209686,0.3315152977975138,0.7446360639967624,-0.30517755581165984,-0.1795942081213706
0.08271755923889057,-0.3720059675937227,0.5003899696949585,0.7827433481369196,1.0,0.7377188980548348,2.250342898545459
1.0,0.4900763304235396,1.0,0.3599299548781729,0.2551543794928083,0.2883663780462933,-1.3742510170647115
-1.0,0.01970283841289494,1.0,-0.43933092654278505,-1.0,0.005450843287084783,-3.4777621271309775
1.0,1.0,1.0,1.0,-0.6266611042476149,-0.31495900121223075,3.696429476795882
1.0,1.0,0.8274621782658216,-0.5323082396853617,0.4492941307969456,0.0341883769036182,-2.429574880096461
0.8545958081619005,-0.6410741397920598,0.03150229037895522,1.0,0.3542577709278472,-0.19363870248852733,-0.7900535410769509
0.1034161124804851,-0.22705296554475085,-0.3216725406474572,-0.8699441135056856,-1.0,-0.855227457595925,2.323069413185067
1.0,0.8012417176761675,1.0,0.11012433600144744,0.3081304013391133,0.6314269352066983,-4.218929393650154
-0.44252508790678435,-0.9356257034049333,-1.0,-0.27243608118314344,-0.45495587827686484,-1.0,1.6634682812558883
0.07548529985204622,1.0,0.4387780410655926,-0.731761252233757,-0.17988568369636737,-0.49246886118403554,-2.374358745927653
1.0,0.5614311283990179,-0.08775760781980146,0.6156199063627871,-1.0,0.02787729525176541,2.7452327242699166
0.7781788847907531,0.6875186380139939,1.0,1.0,1.0,0.12544977432326498,-5.541977541208984
0.5745703830819424,-0.4207105582722107,-1.0,-1.0,0.22567157775428437,0.45745252461335706,-1.955056724092441
0.8420308826799976,-0.5336949810919462,1.0,0.4339102186756168,-1.0,-0.3035290670945674,5.057133676460412
-0.40140361378264955,-0.5789442644000413,1.0,0.26691447803789037,-0.4008787878551954,1.0,-1.2749231684902338
0.8711342359386791,0.8506482738643595,0.9917534161068428,0.29158082659830875,0.005214209255902834,-0.934764634662305,0.15040483347106914
-0.6102760306839493,0.25450258541147,-0.994953837769008,0.18397733460640425,1.0,-0.07031889277117881,-0.1046905156597984
-0.7851936460290212,0.6126814359522549,0.7120163548814035,0.7269311506111148,-1.0,-0.9753263175465383,-0.2519935413629463
0.3733730167229561,-0.9304232781136852,0.33118376925403326,0.040154809476240005,1.0,1.0,1.2946234489199462
0.1380519992763175,-1.0,-0.285637269451243,0.40288997182476943,1.0,-0.5632198993626933,-1.4593970877417128
-1.0,-0.5397984237337436,-0.897204467864178,-1.0,-0.0009650838002880358,-1.0,4.7570816016162265
-0.09503665893479846,-0.0071422817306844855,-0.42389689171203737,-0.6931865269818418,-1.0,-1.0,1.577204591553504
-0.22872310835865145,1.0,0.2246873812474658,0.012699630517596094,1.0,1.0,5.828064714428053
-1.0,-0.3529491429543765,0.2982185880581911,0.17272463662004678,0.7212323900936015,0.6630750427875195,0.8373270482328798
-1.0,0.40169769491740315,0.7987343225943591,0.14034125106988501,0.2255916086339192,0.5319734794193012,-0.680115821283822
-0.04770444554787004,0.4886593714416735,1.0,-0.427000017091661,-0.16990350113036334,-0.2726938746009139,-1.1660718222397497
-0.09546252092696428,-0.581423826777984,0.794456368876311,-1.0,-1.0,-0.35209252456827045,4.337498953181486
0.34314969080653657,-0.0030235888436040415,-0.4127922655977382,1.0,-1.0,-0.4372565276274963,0.9254570688325492
1.0,0.5855159819201747,-1.0,0.5608231255540704,0.2782241933887666,-0.3827264123164812,0.07143395868127111
-0.7812979956714596,0.5734776513246483,-0.7034466838089279,-0.40005035425153257,0.4219410867027895,0.9940989423692353,7.836645653838033
1.0,0.12936656743258715,0.9446181352856176,0.5867406387725451,-0.09186428013907322,-0.33256109261888134,2.3207678244525747
0.6159006345403186,-0.06474855584853145,-0.8441020297646947,0.34345564650908667,-0.45345877333575635,-0.3987345431206699,0.6850682711791171
1.0,1.0,0.6173249104566839,1.0,-0.7353638661415166,-0.9143790459594466,9.589439537110003
0.5787769190452167,-0.2635954803053473,-1.0,-1.0,-0.9863135869810963,0.35108094698841324,3.5337949941982285
-0.44149611585053017,0.1599664527324436,0.7567860242498741,-0.13148773644818107,0.16001516776979519,0.7044156394923964,-0.10825861929480958
0.08539406093450631,0.638326600070575,1.0,-0.20773647774052106,-0.5103468441483507,1.0,-1.2722312207248199
0.9635488377966239,0.25139708513358006,0.2531993781860955,1.0,0.5440622923430001,1.0,0.5524781139544979
0.39288073694819603,1.0,0.1503050136084667,-0.04945412148391165,1.0,0.7265520591512538,2.493880234974581
-0.8886352186407256,-0.2681383959358301,-1.0,-0.06980185375657144,-0.027827642715579137,0.4739413933619929,1.2846776405141505
0.5398746659636406,-0.4332039853713786,-1.0,0.8670018170530721,-0.19374325622414607,-0.1173174030453985,-0.38961728179674765
-1.0,-1.0,-0.21634389434996515,-1.0,-0.33383233237461357,-0.5233065340703307,1.110596099728638
-0.7025680148476481,0.3366650316581351,-0.3144363305173395,1.0,-0.3751081221362855,0.19403346765767296,-0.17643457287324926
0.16361304888757916,1.0,-0.23752138749167984,1.0,-1.0,0.9458124961872054,5.968936049264426
0.09543563432998044,1.0,1.0,1.0,-0.0828519370658082,-0.31275176838985447,-2.739989738221586
-1.0,-0.8945461696132249,-0.7206698928136708,0.010757591606082084,0.31810591099120783,-0.49077718598429776,-0.2072738236414908
-0.12151235988530673,0.11949546889413397,-0.5896783596407267,-0.1058041983957071,0.6853640736747868,1.0,5.2039713814625195
-1.0,-1.0,-0.3911699424160504,-0.3912326413317109,0.7164932749901991,-0.06300570831565185,0.3687437998884689
-1.0,0.2464329606385973,0.42804494481610034,1.0,-0.25195823616940083,-0.014213186246898213,-0.8569530704912077
-1.0,0.170853163843953,-1.0,-0.8976198242897305,1.0,1.0,9.765559757066011
0.27448086869524896,0.9481190963898686,-0.06462071503536329,-0.14507263000518067,0.4399994734908818,0.539326641948672,1.2038616681424246
-1.0,-0.26806738341863223,1.0,-0.7649282016924153,-0.11326201060343594,0.9890099594963514,-4.977371779512877
0.3031484823469624,1.0,-0.637157687688284,-0.5103649698634117,1.0,1.0,8.834716903367282
0.18113495086796544,1.0,-0.7759400364024018,-0.13147283551232358,0.47752717266637185,0.6825235129851935,5.4339761306235355
0.2078259757281323,0.7996152927325342,-1.0,-0.053180249984962735,-0.335785657964599,-0.8755116358322836,1.5837031656792235
0.48212482971820125,0.2868548908757411,1.0,0.5618609726210324,0.17872452216950563,-0.27253786964078475,-0.45250915145119447
0.0306901480715166,-0.187259045327592,1.0,-0.2903961538840244,0.6016155203814261,-0.42635861537517283,0.4767050688885149
0.15952567128893813,1.0,0.25410172688894894,0.9166761136525323,-0.3492251462486431,0.47519565521448426,0.8602007959437666
-0.5680454419110265,-1.0,-0.9376084043084132,-1.0,0.5328340931820376,-0.8659571292974105,1.082096197065101
0.039193574139376186,1.0,0.013882975311729329,1.0,-0.2354804059133624,-1.0,4.090075009299016
0.06171529972850169,0.8228621806321865,-1.0,0.39954472572073213,-0.01745713234227214,0.8271701890970813,6.274585555295079
-1.0,-1.0,-0.3760792143277271,-0.3565116583750062,0.9932827114251854,1.0,2.653179467933218
1.0,0.5516539912177911,1.0,0.35178703769306696,0.998501247252721,0.18766239903742754,-3.923846765799839
-1.0,-1.0,-0.2273874093550592,-0.35637807461116133,0.34907761482258215,-0.492472434602915,1.829127785118949
-0.7615182372832803,-0.23603615779019044,0.41879693428079307,-1.0,-0.43034771764322355,-0.7732892982235318,1.1475289055290632
-0.4321985689175014,-1.0,-0.772963884012085,-0.36692976096102636,-0.13115687536712906,-1.0,3.0694916218619537
0.8195621683105008,-0.2814396452794906,-0.010450946057690147,-0.5678798048222127,0.6392258192600926,1.0,0.3502921224315043
-0.23752672444637546,-0.4930394888936348,1.0,-0.38281738217920225,0.10904417987430431,1.0,-2.721092618879161
0.8555886253937768,1.0,-0.42366020052635955,0.9090870691299415,0.9109519102689891,0.49348246774178156,-1.5166891998680914
-0.7879815233955986,0.4202683668957026,-0.12943795089039567,-0.925638790242137,1.0,0.922465965376299,6.736024346473558
0.14384810128094988,-0.4361798759930151,0.25622529664951915,0.02108286114204444,-0.4505970915182507,1.0,1.5799726254330393
-0.3886904270064253,0.10793385948957235,-0.9184156938424248,0.540927379117645,0.36490960030852204,-1.0,3.2701646844589476
0.7215198621259673,-0.27490961623402516,-0.5600747749722919,0.31966333045575623,0.9555660350698141,-0.3254104373873467,-1.217818398245341
-1.0,-1.0,-0.04419703634039096,-0.6387282415336228,-0.4708522860905747,-1.0,3.865950408046557
-0.7477472368190884,-0.582172261476904,-0.08810697359764177,-0.14509020020296537,0.9542741385191971,-0.46874589280448153,3.212527419247024
0.3666564203472083,0.37084416720168056,-0.3868706072142124,0.23529257563068984,0.4287378703283756,0.0783408492752467,0.7907063486273828
0.19009465889602234,0.09376197744010012,-0.8213371269350616,-0.452124018388825,-0.7568823008971071,-0.6684968596138711,-0.10748073520887824
-1.0,-0.028396999093456554,-1.0,0.7402115851410623,0.28378702656775456,0.1262590997729432,-1.4929920497691744
-0.46556071741804983,-1.0,-0.7896934376423108,-1.0,0.46426292500403255,-1.0,3.8197705006727563
0.8676584989685397,1.0,0.380537397661519,-0.3401737038121726,1.0,0.9678071993780204,1.8195340775515887
1.0,1.0,0.6513073761746592,1.0,0.48930806753646217,-0.14955657712664505,-2.8165415085613805
-1.0,-0.509913430862887,-0.6573477505231923,-1.0,-0.34342389454644984,-0.4670668684926064,-0.7293853768850301
-0.6903458849087085,-0.10460086433740928,-0.9768781632768628,0.4254937325136039,-0.11421929731608027,-1.0,4.9595290698549395
-0.4220160178049698,-0.31722141105032525,1.0,0.16161731973606508,-0.40858396901120253,-0.5932770941787231,0.6677392863684992
-0.25972396018604504,0.062119580241800865,-0.01656578700681488,-1.0,-0.609183720223831,-0.09281675811856233,1.3867131143334235
0.06978551558853807,-0.8321620305253786,-0.6518068456814508,0.6019346097162357,0.2707135808177692,0.12394100776567074,-1.2344937847705852
0.7369885934909102,0.315689479283813,0.8045125395350231,0.39230965904353887,0.290251987400282,0.05620143423996987,0.009043341586265852
0.8222631656871286,0.4147476649455141,-0.01589038709628815,-0.8116855554545916,1.0,1.0,2.7011687481032416
-0.3400823285668342,-0.4060044790773154,-1.0,0.11876769498349034,-0.9827085410087151,0.07162564060850007,-1.992758047920507
-1.0,-1.0,-1.0,-0.9803863012924072,1.0,1.0,-1.05756967963388
0.02520253380076476,0.864209181778473,0.3549826875680666,0.29051014988298574,1.0,1.0,4.19408807196359
0.3611852455440633,-0.8620071631557318,0.14378521081243933,0.5543168718353568,1.0,0.8405108501794056,1.6647498872744684
0.8437849979344356,0.48166890765335374,-1.0,0.21158760825931733,1.0,0.6631140096522015,-1.106058009144003
1.0,1.0,0.6642816114201341,0.9412649836049761,-0.9146549669587276,-1.0,8.870996123738193
1.0,0.8832713435307318,-0.762659034418494,0.5827793379937911,-1.0,-0.9048907056137943,7.794779247641985
-0.7696088279292095,-1.0,-1.0,-1.0,0.3074947084522959,-0.24653927084298588,-5.592258739803234
-0.7356480574310711,-0.0606713049288885,-0.6839100253217043,-0.3331031731662617,0.544211588106764,1.0,6.543249480477217
-0.045037153029080484,0.6443681251374741,1.0,-0.12812321225575676,-1.0,-0.21057274948885552,-1.6033499928199764
0.3049787059323785,1.0,0.7269640870083931,1.0,-0.5309123322294956,1.0,-0.7599609071722336
-0.19641699974364601,-1.0,-1.0,-0.6293874326404924,-0.474524053688911,0.05428307371283836,-2.957796838116537
1.0,0.6711907152901594,-1.0,-0.2951730165214851,1.0,0.12501049328115815,-1.4061977192908892
0.49228243469446853,1.0,0.759728805496624,0.7425757154607024,1.0,0.021046535402361233,-3.8451745343081596
-0.05686846951203178,-0.42835394083877176,-0.5997336084975182,0.11322867868884895,-0.3225644746416316,-1.0,3.7006976770390017
-1.0,-1.0,-0.6976380271619429,-1.0,1.0,0.5076179598191732,-3.3648708427871186
1.0,0.5152387311061162,1.0,0.9625231129683907,0.2580687123125668,-0.3841441175982702,-1.999812472618817
1.0,0.6675019274379268,0.1127843458916753,0.9912010408854663,0.36285040703419624,0.9579589675946987,1.042869029701158
0.5107772273819569,1.0,1.0,-0.10009142924978881,0.6306177268234147,-0.02450399518782398,-3.606579396693747
-0.009138857474229267,0.06353135990958036,1.0,0.19426940640466728,0.8099359347501065,1.0,-0.9129323724564169
1.0,1.0,-0.007516838505578494,-0.02769488798110753,1.0,1.0,1.641533418945549
-0.3001966495903669,-0.5658159612593288,0.5255420302890496,0.17239519417261873,0.9057121956524121,0.6228902558234626,0.6988861595899643
0.3043598927010336,0.8004445300405906,0.9335540312763776,-0.5691250874685173,0.6833616671738725,0.6538690592828078,-0.9806469830623658
1.0,0.48206141297706695,0.48924003871548494,1.0,1.0,0.892650119035951,-2.476814619960489
0.0008824297416329951,1.0,1.0,1.0,0.8072436833770845,-1.0,-3.3332573864613844
-1.0,-1.0,-1.0,-0.6512831067852114,0.13316394868179768,1.0,0.5648015627217703
-0.5125809102128673,-0.7060318761282317,-1.0,-1.0,-0.2682622178518451,0.2166140528268199,-2.5100252350413497
-0.5994575854573252,-0.12522162817664692,1.0,-0.2908529613119231,1.0,1.0,-0.3564878895352824
-0.00565618627728634,-1.0,0.3977064133566302,-1.0,-0.6209999532452893,0.06512458428079326,2.8752803419073807
0.39773358736760067,0.2997736487190905,0.26358949292979594,1.0,1.0,1.0,2.1555587638026363
0.010881377049269503,0.8886724569881814,0.7481824329734259,0.44481312256727157,-0.807034469142064,0.3839099973323807,-2.2646235338663105
0.4130929483854049,1.0,0.5164721611732013,0.9632756807916563,-0.5860344735144822,-0.6666421272083276,3.2244559131013464
-0.611889577008188,-0.4816591784166262,0.8461754050216285,0.800668437668161,-0.8029179777514528,0.10891603361801089,-2.1583702759234944
-0.6350728493520208,-0.39293879184296476,-0.32185727290076027,-1.0,-1.0,-1.0,2.78702320727506
0.21577352584544673,-0.04447836820297496,-0.7744689821226254,0.2849460819876235,-0.26659156532389927,-0.5526625232233513,0.612228792266135
0.8373201993334867,1.0,1.0,0.43048021063810715,-1.0,-0.07270781215609345,1.092042724217902
-1.0,-0.46694765425166695,-0.7305776489963274,-0.6624195198454694,-0.23194560767352168,-0.5328269084885331,-0.1013983943696555
-0.5738562089443822,-0.7964383479275323,-1.0,-0.3614597912015688,0.6037336438931824,0.39112680708661535,-2.3841777057083786
-0.9921230848961714,-0.6482016388136687,-0.4835127921734297,-0.4466595025745337,-0.7225346057518954,-0.19527135244708638,-1.5870169264444252
-0.6610965785315316,0.6575817997532496,0.04161693641275388,0.8061621491318747,0.5507249677802176,-1.0,2.521081750516695
-0.9344668220134135,-0.7383199619388922,-0.23017269562715004,-0.1353858186649777,-1.0,-0.9560652113017363,-0.34946966825828246
1.0,1.0,1.0,0.002346631550884659,1.0,-0.41500200549987737,-3.568288373713244
-0.09102516833091312,-1.0,-1.0,-0.6652343441259678,-1.0,-0.5198435756932205,0.974675751919896
0.3163596716317235,0.6208520871529402,0.13686949125393955,-0.20697511989759043,-1.0,0.40252064139751403,2.1933936751214462
-0.06928892246947937,-1.0,1.0,-1.0,0.17360510250394212,0.7387991254901063,-2.2549663901414823
1.0,0.321175736839107,-0.15776366774452866,-0.20976212424717344,-0.7951791996950585,-0.5460962118101709,2.358832287331416
-1.0,-1.0,0.4405469121243484,-1.0,0.3604090450500703,0.8803545319295017,-3.01723352009569
0.5496469454400252,0.2676035770487418,-0.06247458848456322,-0.6080561402987756,0.44403310631425297,-0.7418047429707622,-0.3721309144994138
0.2851000974894262,-0.023723681566625906,1.0,-0.1606046370983858,1.0,0.4926716542504086,-2.5778148937206695
-1.0,-1.0,0.18129857017931478,1.0,0.18076451090600454,-0.18576303175583092,-0.8372180487936678
0.8808875530888141,1.0,0.20805661852117963,0.5276313605641982,-0.2516655250906443,-1.0,5.375869432492645
0.5687838737810752,1.0,0.5291406635728126,-0.1858789197037084,-1.0,-0.6547370811739419,1.1164700198495885
-1.0,-0.6067759067340941,-0.8971399876454844,-0.5542798668695192,-1.0,-1.0,2.402974267204283
-0.3195694100230232,0.9159221040090564,-1.0,-0.010140344437966742,-1.0,-0.2123766407507952,-0.40271059154714967
-0.862065040175718,-0.001421637225178518,-0.4447297865285569,-0.0559468424434062,-0.04452312737233846,0.11924860130656617,-0.42834607285198795
-0.9794887328192785,-0.3343523616500197,-0.2902166576213435,-0.17698718531739357,-1.0,-1.0,-0.9696300553242794
0.8852016868157906,-0.0045725879533455305,-0.8396911372318048,-0.7491322371578211,-0.6604352065509604,-1.0,3.4138726971037237
-0.3109704335676153,1.0,-0.09955431961550798,0.2663384694824328,1.0,-0.47394288327677714,2.026776785956247
-1.0,-1.0,-0.5299209339100936,-1.0,-1.0,-1.0,5.148300854441712
-0.04838879161324028,-1.0,-0.38307235979400617,-1.0,-0.7040859769333301,-1.0,7.594409666583977
0.15791266640658563,1.0,1.0,0.9604011073994096,0.3984841084870351,-0.503606162117225,-3.7012711277055694
1.0,1.0,0.5997714603127259,-0.4924959854868787,-0.49452720522756105,-0.4558126076095387,1.0242653125344579
0.8246751757997242,-0.16585537989098892,-0.9271958535842018,-1.0,0.9803745713277401,1.0,0.7931486362850317
-0.2298534933269789,-1.0,-1.0,-0.09455373513165666,0.4849031239413864,0.3765877422953151,-2.3153597238983146
-0.24058622002593233,-0.8819784089954046,-1.0,-0.5580110614905625,1.0,1.0,2.74940001262093
0.8392248903297808,1.0,1.0,0.9858810400210061,-0.2473742348925393,-0.5120015141469197,0.9780542928961031
-0.31368680373594315,0.45459232410447253,0.05714214041298332,0.13898035362035788,0.17157231921969274,0.05462974577959481,-0.7896805082610121
0.3503097557321714,-0.8954293708131753,-0.48800083227011837,-0.8095764168055889,-1.0,-0.7359641466925679,6.366161037486975
0.25503878013342307,-0.47798387511391194,-1.0,0.04395840696738623,-0.6869173407728051,0.5502692981019266,1.242864342905086
0.39575785144227016,0.003712529374832796,0.9514695132222877,0.10458371216012963,-1.0,-0.3245802052930291,1.6530698098834828
0.7231831267722562,1.0,0.26134304665585356,0.30639854086436313,0.9673334368457022,0.9292953328569499,0.9079312972105089
1.0,1.0,-1.0,-0.48996097536293987,-1.0,-1.0,6.263618927848637
-1.0,-0.016172957209725336,-0.1170872736237103,-1.0,-0.5176910518000702,-1.0,1.7724780560202118
0.912248799704807,1.0,1.0,0.6486303649510397,0.3692424921517159,0.42108856952924634,-5.439447151652162
0.1700223044639575,1.0,-0.20407579430218503,0.65460411549536,1.0,-1.0,1.9967355384556211
1.0,0.2656702324333056,0.8440435715058103,0.9927723570640739,-0.9127774818540034,-0.4315554938257006,4.898535486411589
-0.4229587800526893,-0.35161339480674414,-0.3441022662951081,-0.2105411130834951,-0.6885418581726932,0.09466133033572205,-1.044865747749018
0.5783124749507119,-0.18312737866775108,1.0,0.028386012980573416,-1.0,-1.0,4.12685993174376
-0.9409465335846017,-0.2941030145871042,-1.0,-1.0,-0.7068618036115608,-0.10807459608513947,-1.7505264493141248
-1.0,-0.4461655415149256,-0.32159631847777537,0.44367864030119597,0.328933859208838,1.0,2.7496474736749916
1.0,0.9520039376056004,0.5650413477382674,0.6192674178081845,-0.4431443001480849,-1.0,6.3853154341476035
-0.955984273928997,-0.0748304842458335,-1.0,-0.6965477581176334,0.33077438045400276,0.09977500356323876,-1.0954465253740502
0.20044850373548417,-0.1442357760847882,-0.5083735027530405,-0.5870269628472136,-0.5392183627880383,-1.0,2.3092210615256907
0.20521787949667875,-0.39938925735616215,-1.0,-0.7978327149328851,0.017351069818919984,0.8960032524049006,2.672905151712633
0.9103126665131638,0.05722639533913698,0.38761694337263464,0.6724672063669808,1.0,0.9487863293806452,-1.096962142149898
0.09847943689509187,0.4193688314986773,1.0,1.0,-0.061028215221707205,-0.7302567878121187,0.5743567615625707
-0.2279259820829569,1.0,0.8989917848837762,1.0,0.06336442925538743,-0.34885288000488235,-2.978008369239133
0.3203193448650894,-0.44344110564931727,-0.38209333602871476,-1.0,1.0,1.0,1.9694949231356484
1.0,0.4534805015022981,0.22777720309492144,0.7778904973202176,-0.5072080368582254,0.526801354848137,1.6055047377856462
0.5280670295581706,1.0,-0.003417928794692493,0.5450444627621134,-1.0,-0.8086990392760172,4.456230391276826
1.0,1.0,-0.3940076188318933,0.17969762654539645,-0.10960859441995119,0.07723566027306328,0.7649593472905531
-0.35794571873381764,-0.290449992369582,-1.0,-0.032916579677944924,-0.5624108694323455,-1.0,3.8362544119061552
-1.0,-0.774066431073796,-0.5169052004454511,-1.0,0.7608343011358539,-0.6568567965308072,3.408000465539933
-0.8557140727065279,0.12986163198354217,0.6461598403877746,1.0,0.27761657184119204,0.5545201876794355,-1.4417338441409415
0.4031956436484502,-0.11775271107913995,-1.0,-0.7114163132852359,-0.7409060939044915,-1.0,3.1603786342664306
-0.9640955340945653,-0.29113835787821496,0.15109940221513418,0.7264027627839298,-1.0,-0.6956336606397042,-0.6655332179390395
-0.8482679907829291,-1.0,-0.3754082133009794,0.4058136449104397,-0.5677402836798634,1.0,-0.14262021558027033
0.8941722872389165,0.49896228371840556,0.032677514819122074,-0.07337661477219767,0.4573699408056937,-1.0,2.202816964548882
-0.21457261794685611,-0.7636790764019803,-0.324290024862131,0.3859227573254618,-0.15603144178294504,0.7654709760652874,1.4236217095213366
1.0,1.0,0.6040229236841792,0.3882418878095202,0.9478030925364421,1.0,-2.265774286759923
0.41940724865077866,0.3354595058133117,0.17482332610377438,-0.8715419208738,-1.0,-0.4200959768095329,2.6968781198241674
1.0,1.0,1.0,-0.43822694966538367,0.6087355184495866,0.7850644108096891,-4.4999861850070575
0.848524747033853,1.0,0.21390701696352332,0.7221633372099829,-0.8353232592386702,0.21591448621683607,2.2323470318742937
-0.2376753140916706,0.6234346977804013,1.0,1.0,-1.0,-0.20011895275249836,-0.8901905391624971
1.0,0.6219910739327401,1.0,1.0,-1.0,-0.9117868122743239,8.221407529086237
1.0,0.36546424387077037,0.3785028330659098,0.15385112072678364,1.0,1.0,-0.08405770715637584
-0.14259767036134613,0.794485307649053,0.48675262932586844,0.5630892812599333,1.0,1.0,2.0096841996158332
1.0,1.0,1.0,1.0,0.5432582663265175,0.5096764535738845,-7.5877649602174095
-0.2560050249118506,-0.5080758637930407,-0.9861372715293422,-0.9725485092218933,-1.0,0.9004213696259684,5.657633913243256
-0.23591369360591763,0.42116030252235404,0.3128449505075758,0.6783654857849774,-0.6751775529076245,-0.10342880934961363,-0.5466831216652399
-0.6668899433525116,0.38350686732970773,-1.0,-1.0,-1.0,-1.0,0.536018397038795
1.0,1.0,0.8026326303669751,0.30121929113198886,1.0,1.0,-4.302316511817235
0.24707929767464476,0.7896774670780832,0.63137871638297,0.1352607658446614,0.28043675708212534,0.4431371272776684,-0.003793555864629594
0.5918601796894725,0.5829205949763758,0.13653921590725215,0.38561034930456717,0.19869407959633323,-0.11846687251044008,0.23271644556059812
-1.0,-0.23385707287502222,0.3295431969134829,-0.7839556226372645,0.828151133177023,-1.0,8.017902085524772
1.0,1.0,-0.22453032803831952,0.8636076026376147,-1.0,-0.9233352608316248,10.75535210056249
0.03929267525368929,1.0,-0.0650581998242517,-0.40597472298464765,-1.0,-0.3693409015530169,0.5478575597801822
-1.0,-1.0,-1.0,-1.0,-1.0,-0.5731711602176566,1.018468054452848
1.0,1.0,1.0,1.0,1.0,0.8234676643260316,-10.28488404176222
1.0,1.0,0.8487844946284189,1.0,0.4238196028940808,-0.28042714597625895,-3.4106695389319674
-0.20039824265793538,0.5836831388375512,-0.0757096662387653,0.7815150409281606,0.10877587883359958,0.16101945633497547,0.21656282711170888
0.1814541241304753,0.5367442567691998,-0.795331350338079,-0.27485241215355655,-0.5629357242328463,0.05333151556846216,0.3584800872611454
0.07958321085958237,-0.738227871997452,-1.0,0.1273440773249852,-1.0,1.0,5.580269823775681
-0.08109207354906411,-0.8185908423615158,0.4832332655201946,-1.0,-1.0,-0.6936608798269857,7.494885656519841
0.05923551589966623,-0.07984327687977599,0.17433450241165446,0.8129517648400433,-1.0,-0.5069958486513386,1.1178603424359557
-0.8671748243449411,-1.0,-0.3982432597302066,-1.0,0.8817390663779826,1.0,0.8792825746689896
0.3394540656706766,0.5241875976297605,0.4540490711678955,1.0,-1.0,-0.40500031284341387,2.017342119736553
-1.0,-1.0,-0.20005694628383996,-0.7382505475877849,0.6407343358012481,-0.48890539175240644,3.2973554662554707
0.4793481128397308,0.25850329482491635,-1.0,-1.0,1.0,0.958983957180326,4.34339379390427
0.9503164166668499,0.3500568898433556,-1.0,0.6243734760266998,-0.0016361228371896963,0.1930204124193244,0.35897479807153476
-1.0,0.5722470528672225,-0.6659751107029441,-0.054326771260549744,-1.0,-1.0,-0.4983120622539003
-0.41694959487251004,-0.32609486118926523,-0.7294772780503933,-1.0,-1.0,-0.2043354081686506,0.3754628194006038
-1.0,0.3529702037518388,0.7232241139358894,-1.0,1.0,-1.0,6.735856908819375
-0.6823793813570493,1.0,-0.9047374010581821,1.0,0.47591844412571604,0.09985611565235405,0.5034343266611536
0.31796510525337407,-0.07287711630811244,1.0,0.2856868943947245,1.0,0.29906162096789973,-2.1207454351703467
0.9019901860139228,1.0,1.0,0.48599983051268825,-0.42123066146347227,0.15648317095949038,-0.9906500509480959
-1.0,-0.0055289118641796975,0.5503517106922825,1.0,-1.0,0.6748369890587754,-3.842930472358451
-1.0,-0.9901039169822634,-1.0,-0.06408149419505005,-0.6582893302592954,0.5112081568879463,-4.077987835744001
-0.09172797183664763,1.0,1.0,-0.6599414716978137,-0.18321029750724827,0.5258779376354863,-2.3761790875326234
0.15709362383437794,-0.3375565431194009,0.7461128117180007,-0.10178155884942841,0.48681775514346826,-0.397593380783388,0.5430854219815509
0.9666549887366842,-0.23726290519928533,-0.06752353170536102,0.03407933773249561,-0.8999498042333787,-1.0,6.964496008009182
-0.1933820060972663,-0.7402293546361552,-1.0,-0.4262176150625793,-1.0,-1.0,2.2889244704606715
-1.0,-0.5942796517239299,-0.09419724306498667,-0.7443816914690935,-1.0,0.22244128969380833,-0.6654758954490338
1.0,-0.6610754457911412,0.6144365466679329,-0.4911891683497305,0.5122523521486553,1.0,-2.3678363900448622
-0.5423806014294396,0.2077225199127024,-0.7304508486520638,0.892821573089861,-0.6004057292764888,-0.24480846817531865,-1.2576030952086141
0.3063036581540253,0.8347019932584897,-0.3189870851654035,-1.0,0.13365810648917564,-0.5358727266112698,-1.499222733199928
-0.6209291566816288,-0.8483056945871033,-1.0,-1.0,-0.1568347456295428,-1.0,3.874337379249759
-0.6056469173329995,-0.839232049358478,0.39141687632799316,1.0,-1.0,-1.0,1.9122928019416727
0.05105450679859036,1.0,0.7005894184984025,0.10918390187618665,1.0,-0.25978697373872117,-1.9998469700449382
0.49123585999127084,-0.11151125021654586,0.19346377889951993,-1.0,0.5103627747557661,0.7150173941335387,0.23226775630752788
-1.0,-1.0,0.02498440988438333,-0.8304055129462198,0.27184796609131356,-0.9799621397132157,6.081552527304892
-1.0,-0.3583331900315445,0.7422648340329066,-0.754156031920964,0.2870340118368712,0.11370464624877219,-0.3210779849108301
-1.0,-1.0,-1.0,-0.45641372164911,-0.18509620966165685,-0.40760565203730703,-3.346905026883329
0.37644540773325746,0.1576055443975919,-1.0,-1.0,-0.3699936854121364,0.6587440040625487,2.0184901377153235
0.27508582032167583,0.13317052356881126,-1.0,-1.0,-0.4449797362557979,-0.4146147276817956,-0.893718977236263
-0.6006437633526988,1.0,0.15455958750845966,-0.6211183158777046,0.7275616921808403,-0.0324207236161258,0.43617149067650074
0.8199393662917513,-0.4917404281537456,-1.0,-1.0,-0.4533669073848471,-0.12371303676016826,2.6147788624000086
0.6687752684290151,0.3640770813906824,1.0,1.0,1.0,0.37535560547564195,-4.3310532545385145
-1.0,-0.29633253922022584,-0.03183585749191753,-1.0,-0.17022676948269622,0.25087579734725995,-1.6992650508218476
-0.13360305292757993,-0.6682006384557647,1.0,0.5768872059367744,-0.3561876524504,-0.15673293719578196,0.5755327137063125
-0.9276155417947085,0.5052096831777484,-0.7117367308730702,-0.12473870572270762,-0.041202755503772726,-0.7820980639914519,2.3384064437609946
0.1699937303945191,-0.36479923034844,0.6508422079689977,0.44503682879396433,-1.0,0.563162168308328,0.667812549691273
0.024459418633262436,1.0,0.8255029209223408,0.9646716378577704,0.49853384470822715,1.0,-3.9539903206820894
-0.5485734673282379,1.0,0.02528992678496573,0.2710942442163229,-0.909859734415525,0.13308717492259536,-2.732668227549382
-1.0,-0.6535432550758847,-0.4727090487676786,-1.0,0.8446305913926305,-0.024021364464719253,1.6859611403354762
0.059403654233185346,-0.5052889138582798,0.9176936543691117,0.1936724239870115,0.5162305630729593,0.03797712731111558,-0.31085980157717646
-0.4782407630936971,-1.0,-1.0,0.2728496571220795,1.0,0.031857602923457407,-2.858718777834475
-0.3607434071202493,-0.005570432964232541,-0.803741633268169,-1.0,1.0,-0.5831528245144855,1.1571716150943963
-0.7623900864980909,0.48747011622910813,-0.11099888077509742,0.53873368853196,1.0,0.1180196798667284,2.3740998427635427
0.4490184398757693,0.9742635237755369,1.0,0.6999728562381555,-0.046653235907429425,-0.4344878684642681,-2.0525827968180397
-1.0,-0.8227463333771591,0.6104472982590248,-0.7788700121440044,1.0,-0.7044338130588672,7.031649037050274
0.41641478743658855,0.5401714971108619,-0.25159727924243525,-1.0,-0.017288639525538496,-1.0,1.242730338835557
0.5449096644980413,0.09396556740203921,0.37170147455158953,0.21036056022185723,1.0,1.0,1.5497228577951994
0.4552187446210467,-0.6318602779872965,-0.1102433312009155,0.7219412327628849,-0.6757534615390921,-1.0,5.191771815906269
-0.3218780022040218,0.9996251526534188,0.36612800705076387,-0.36720004678086143,0.5224220268247433,-0.6343661304014061,-0.37818870324003595
-0.40669852465168516,-0.982489241672642,-0.7197281460852049,0.3625610176069889,-1.0,-0.3541481426344002,-3.035091211663941
-0.5699345706938335,-0.3618807720431937,0.22502974380065366,-0.17891255325129063,-1.0,-0.903627098888979,0.458388563772919
0.9967282885978198,-1.0,1.0,0.8134095953791762,1.0,1.0,-3.175088068226276
0.8561410137465693,1.0,0.9349201717141049,1.0,-0.5286486443428892,-1.0,5.656974480171325
0.38847610805615496,1.0,0.26591425462746154,0.24622664288745333,-0.4159991294803261,-1.0,2.354501682300059
1.0,-0.5804593881226652,0.40991701056427643,0.40861111655507126,-0.02259486336743799,-1.0,6.1120131758061245
1.0,0.07099163217240112,0.16560696372105763,0.14628563689892415,-0.24581993169827016,0.08171272858922163,1.093810655802115
-0.18577741115654522,0.17765857883320785,0.04807835414317929,0.16931679844774494,-0.28223313178471854,-0.6489857609931564,0.8762454053952518
0.0765728603237111,-0.46898472190219476,-0.07450692628756594,-0.6809531974773303,-1.0,-0.19688104362385328,2.4660169846901585
-0.40233712812139405,-0.8073085075845512,1.0,-0.0308212098058826,-0.5631938363671989,-0.3722246690242993,1.3294110362500882
1.0,1.0,0.6072364294126884,1.0,0.5602878637217479,-1.0,1.05695868555684
0.2996002615483708,1.0,0.43538936328852484,0.4192215613294421,0.2874156024229251,0.7054229451326341,-0.5280388171260999
-0.17986875232407584,-0.5944668165825457,0.003886998027298253,-0.9222931520668209,-0.821228126660177,1.0,4.309903551588385
-0.20015822609186162,-0.5892996637779817,-1.0,-0.4190897095707027,-0.2072027685442268,-0.6861499168389892,1.4343542394239663
0.2662885378267863,0.26245816880594464,1.0,1.0,0.1808823600699092,0.49618670717184465,-1.590418347075392
-0.3039871213034233,-0.42692979923360974,-0.36975602100789984,-0.24752188503945083,-1.0,1.0,3.4845846164492364
-1.0,-1.0,-1.0,-0.7083040470399562,0.6459024867523666,0.14476329881088967,-5.9347821150308295
-1.0,-1.0,-0.8700342356293344,-0.9572674241987849,1.0,0.25949250091981946,-6.019822016241914
-1.0,-1.0,-0.03915015042548875,-0.11670545258595655,0.5308603119716215,0.9003293444723874,1.0817478632604192
0.0040973988425520025,-0.33997065940633053,0.17949011041453694,-0.9602968250556551,-1.0,-1.0,3.7201931209847885
0.7541196379310388,0.03128058995334204,-0.12403833866011321,0.530243532764385,-1.0,-1.0,6.1132967350215965
-0.07068683936284059,0.8759991948332448,0.6733043493676065,-1.0,-0.5408101751320955,0.6222683414510678,1.3447531035974225
1.0,0.7675379114309782,1.0,0.9533863002023719,1.0,-0.5922962957602093,-4.349797812663936
-1.0,-1.0,1.0,0.06946708236718019,-0.2067403986861054,-0.2399299398993856,2.298919295369546
-0.8235351935665504,1.0,-0.6610904213562613,-0.40472803964132464,0.0024203492149010852,0.40140248983045834,3.4866009994822655
0.5802540790387553,-0.435327759474753,-0.7661200345767529,-0.7333557872834242,-1.0,-1.0,5.239222759809498
-0.11007899203642069,-1.0,-0.9820686969767578,-0.2527869813067747,-1.0,-1.0,1.0410463864049606
-0.26459634282994404,0.7853941761720634,1.0,0.36157914106530353,-0.22971193846814664,-0.9631202162787688,1.3053592479010243
-1.0,-1.0,-1.0,-1.0,0.761591800611058,-0.48841649124538655,-4.93314262241584
-0.5981949673110869,-0.7827587157849734,-0.844194050169645,-1.0,-0.5201702473855211,-1.0,3.730676788367388
-0.4399550302197772,1.0,-0.23805649116421596,0.11092479760148433,0.18454854330368575,1.0,5.415143889894314
1.0,1.0,0.5247098461351123,0.7583350967124709,-0.28382764299563407,0.7001457601091249,0.2516859084284703
1.0,-0.23894300831543308,-0.4610820651960063,-1.0,-0.08081023545220778,0.23182889030130482,0.10478969794579991
-0.18739211189349247,-1.0,-1.0,-0.1003045095239547,0.08408123445597426,-1.0,2.680741758056666
-0.9278303898596825,-0.35352740454973197,-0.019295851478745796,-0.7841215194480393,-1.0,-0.42003036410378214,0.8184998517888824
-0.2570576515868952,-0.826100215769787,0.16278861902346642,0.2531293721143375,-1.0,-0.29364771686966806,0.6318697416687094
-0.4169519690018757,-0.932503362552511,-1.0,0.5343723308533641,0.07497230036835484,-0.703613812527915,-1.4977090150230938
-1.0,-1.0,-0.637724705025708,-0.20525975717869804,-0.6086590477720074,0.08385990850858538,-2.72859276544254
-0.6661898252562746,-0.25294463670521866,-1.0,-0.6222811962960071,-1.0,-1.0,1.5468337440464952
-1.0,0.09828800852391217,0.6398647754793283,0.4794126515898228,-0.84653471475418,-0.4135333866793508,-1.5737048836749874
-1.0,-1.0,-0.7217386259212337,-0.46113597878818813,-1.0,-1.0,2.3725080920173167
0.27211269378103686,-0.7338950374534324,-0.09013597042029897,-0.1000020341486354,0.8015929568842646,-0.11681075381382344,0.513995188022132
-1.0,-0.3697842883746948,-0.9531464694299887,-0.7282076837246172,-0.11479524798207053,-0.947793270516381,3.764216695030175
-0.39813964051298667,-0.7029463651370296,-1.0,-0.23329576741685787,1.0,-0.04416491346306828,-1.9045552112937365
0.9540646335285098,-0.2334701469670477,0.3176479107201886,1.0,-0.04963761781924603,-1.0,6.162615115864969
-0.8323561329276299,0.1675414010680959,0.2982430370858299,0.011178134684894758,-0.16477065331712004,-1.0,2.509871720531647
-0.32069677987929457,-0.32102476808967795,-0.24385937219469667,1.0,0.9125387428601339,0.39249324863345936,2.1318858797457
-0.2057124812332236,-0.4721850398267625,-0.09615536019767879,0.31005876416442324,-0.3716562556053087,-1.0,2.6486326513534593
0.5448391964757882,1.0,0.9464800302305758,0.7408290809767724,-1.0,-0.9706499691014692,2.5560180346039036
-0.47123243501317313,-0.2130022339376379,-0.40409227007940524,-0.8359067315439987,0.649676273978927,0.3525558993414767,0.589492487552032
-1.0,-0.7796758801623478,-1.0,-1.0,0.9811133979200292,0.8508943774258277,0.035817075993652636
-0.3364761824627903,1.0,0.655677926867294,-0.1085105947399404,-0.6434640965223473,-0.3530462542085507,-1.5037133420796835
0.6653788521266097,-0.08175319842928364,1.0,0.5935885995538649,-1.0,-0.06817291209635523,1.7205923897376896
-0.22401435308312456,-1.0,-0.09643441458509106,-1.0,0.07175854807369239,-0.9114756914008825,4.458926285221028
-1.0,-0.6850656350162605,0.2261478889003039,-0.8158569447527341,-0.4366101437978027,0.0005786009739687792,-1.7444717715914901
-0.4906457022583598,-0.8933812095913491,-0.005213313781446294,0.4128641617993939,-0.1853890437047302,-0.044581571080849924,-0.4013357317798489
0.5432610534932487,0.6268841198330382,-0.3059008467173973,1.0,1.0,-0.13642292869311426,-0.6254292947474537
-0.8369882024050997,0.4878346085572716,0.10569753849931529,0.7019359046469469,-0.7595694824519806,-1.0,1.2011475671624543
0.41641853802154627,1.0,0.5221586454739494,-0.5254634776325784,-0.4980613123480502,-1.0,1.1383880299089981
-0.7691573883787357,-0.24516424227335532,0.6479230648872001,-1.0,-1.0,-0.4498935418420511,0.20333446297906693
0.48229102957390224,0.2929093179128394,0.04847609567772304,-1.0,-0.6698139724548025,-0.22616584889128655,1.7897427025716515
-1.0,-1.0,-0.18218836244105674,-0.5886606982238907,-0.6472251281808195,-0.7480402347303217,1.818107200135277
1.0,-1.0,0.7236397738002247,-0.004157751763610051,0.0524497537417864,-0.6199874572328646,5.0552439220783185
0.018209905324222952,1.0,0.9355732344588006,0.7679410305451116,-0.5043798459316963,0.43045542424628375,-3.4816603905584995
-0.401001718579369,0.07767964078682199,-0.5027728000128684,0.10798594949037678,1.0,0.5386703760613057,1.906555903385737
-1.0,-0.7353831827034907,-0.9627065379420655,-1.0,-0.9268730863889332,0.012131632502016348,-2.6711199175002247
-0.11980059911348517,-0.03816060230473928,1.0,0.4855885620613035,-0.658021966146334,1.0,-2.2781706474931904
0.18543368430139284,0.4481591652151993,0.8584942404037312,0.05007898248224607,-0.3196555934182179,-0.8263312514253393,1.6757601887005502
0.21559523113809037,0.8015108865515405,1.0,0.8542553754436751,-1.0,-1.0,2.052422562647551
-0.6864518349824579,-0.09018644295739187,-1.0,-1.0,-0.1018290329335042,0.4462326727355419,-0.20477766386409785
1.0,1.0,0.9700293386841015,0.3994481262349383,1.0,-0.15565048455812006,-5.766760019373241
-1.0,-0.9007133420451777,-0.4249651008325608,-0.023747085136387236,-0.20937887980622794,-0.8684648929347831,1.5446078312476694
1.0,0.9167818903426499,1.0,0.3666208864409868,0.14271412696753372,1.0,-5.060073101060854
0.022663736243622154,-0.27243402014266505,-0.1987246238188325,0.04004422588896195,0.17080525195367846,-1.0,2.6239994871786436
0.5637297040606392,-1.0,0.042099106333687686,0.25090744487880323,-1.0,-1.0,7.778056290561671
1.0,0.9334499991937244,-0.4185350754794521,0.04471302258003379,-1.0,1.0,9.666147636673983
1.0,0.11750199598106104,0.5948650943400673,1.0,0.470287128173387,0.2758648873510505,-2.945814572942042
-1.0,-0.7344388397444976,-0.3486209721635771,-1.0,0.567688582304724,-1.0,5.987816261957459
1.0,0.9668780585897296,-0.3802104952274976,0.7068767074073543,-1.0,-0.17447076712532428,5.753742737819764
-0.28580509151910327,-0.16201218277022877,-1.0,-0.7455634922386503,0.028038554378491273,1.0,5.836599285594007
-1.0,-0.8972088655861721,-0.04604781905894528,-1.0,-0.7223121233942841,0.3189025355577992,-2.2939447322764885
-0.10201298939342662,-0.0026095920446999044,-0.0940069468683756,0.23730466452861565,1.0,-0.5707976204772308,0.7333043944123514
-0.09418045374881255,0.6163824466909338,-0.4992283609837122,0.29326126631139227,-1.0,-1.0,1.291680750274511
-0.6096301722866828,-1.0,0.2618030612712994,-0.9614678054207018,-1.0,0.1365070270292759,3.488531326618554
0.3140253078846258,-1.0,-0.586346439773715,-0.7498875883466566,-0.009345729938383451,-1.0,2.702126928963425
-1.0,0.9138959457168648,0.9384917318032322,0.6392770610444092,0.029575429078597615,0.13569689833020274,-4.530048489989415
0.06397696814591258,0.3423746398166344,-0.06664328660316449,-0.3581980745458575,-1.0,0.378857125831481,0.878226915725629
-1.0,-0.549066405094752,-1.0,0.3025090206375279,1.0,-0.09472463954487798,-2.5623355235331275
0.1753012494420194,0.610597734567755,-1.0,-0.11346053953831717,1.0,0.11089192963712902,-0.03187161686028786
0.5878349728975574,0.947324543813411,0.258874863251908,1.0,1.0,-0.7644151509992454,-0.011430011232223314
-1.0,-0.9706840609086904,-1.0,-1.0,-0.08855375040423158,0.10816177140343979,-6.615502097551366
1.0,0.44122487910301633,-0.32590854266635494,1.0,0.3975532580750786,-1.0,2.6405083937778357
0.5278404429618406,0.49880267291225255,1.0,0.12102315718218049,0.004147243295617109,1.0,-0.8888794909600906
0.7845643251146164,-0.7422842676588152,0.05928705793473066,0.40546144348974056,-1.0,-0.31848866034558754,3.601165676975702
1.0,-0.7391651466274245,-0.260326117122855,0.19724122588174844,-1.0,0.2992672381763719,3.192934912963191
0.6480431995105334,-0.8039224751151449,-0.4335959200565257,0.14803990432520822,0.9802368061945466,0.6098068594927087,-1.7988062779906524
-1.0,-1.0,-1.0,-1.0,-0.2946639164095979,0.1365842145983861,-6.241685395101287
-0.5977824586899972,-0.16399187270928142,-0.41756794084020654,0.22894101871643624,0.01147472790034032,0.11946283799999849,0.3491131120847726
0.14844008685618426,0.17402988277522125,0.19666071855942815,0.8815485766889004,-0.2065883730435818,1.0,2.452862824627163
-0.6827368194066609,-0.30322077932646363,-0.7190521761596442,-0.222081233995024,-0.5509825224184581,-0.1400270451701856,-1.2617702283112602
-0.9147891866543846,-0.9255197994129303,-1.0,-0.25579826106067605,1.0,1.0,4.332367826977223
-0.47134983187395374,-0.37036515541963677,-1.0,-0.08340190981952311,1.0,0.5996378948823049,1.2783926249209383
-0.5021088630096004,0.19526071837770181,0.027434238245535925,0.3267769368866022,0.8124993106700444,1.0,5.09186056967896
-0.25328707146600826,-1.0,-0.7826174524252851,-1.0,1.0,1.0,0.5904900497861673
-1.0,-1.0,-1.0,-1.0,-0.6350436392286103,-1.0,3.802352258860939
0.9770688215924682,-0.7721029080328559,0.818863798746775,0.13225044954871165,-1.0,-0.5575908183477927,8.392337544006915
-0.47065924219639976,0.547327552693704,-0.8979540327411836,-1.0,-0.4573219745519823,-0.777451679862156,-0.6167239295457654
-0.16743157670523773,-0.3081700739599681,-0.058421182632017454,0.32901879577815063,-1.0,-1.0,1.7238986337652251
-0.8899066001156448,-0.4614437533786728,-1.0,-0.4045915438280461,0.9953341955798926,-0.9174985341344335,3.3036231410006027
0.31315507340000504,-0.00783922888557309,0.30329842068279,0.3539673647477768,0.1518817418924513,-1.0,2.5783112934728303
1.0,1.0,1.0,1.0,-0.4387542294653912,-0.9872777300159008,5.181289014738894
1.0,1.0,1.0,0.5207087510155626,-0.19221247429268962,-0.4241867270457418,-0.4503658451473952
0.2675314258236323,0.2916816681215983,-0.30713741831997826,-0.004181834186945177,0.10101928822935212,0.517123853073003,1.208531804165984
-0.25016496407174504,-0.373319196064288,-0.5453470511992905,-0.8842545602868527,-0.416551307251081,-0.5419396465925472,0.47216413097640014
0.6062641550460113,1.0,0.584323372508257,1.0,-1.0,-1.0,8.124909144789257
-0.16191911594860398,-0.32743774475559295,-0.6425448468442712,-0.8528129285648904,0.4856040082989115,0.6410747628888449,0.9412708479352119
1.0,0.34335078321616586,1.0,0.8467253493899315,-0.013933614639889685,1.0,-2.451973970004053
-0.6032695856299621,0.6617449589584088,0.1683510660563596,-0.1877397826054078,-0.15626140017349444,-0.7811891520521903,0.06834007928585878
-1.0,-0.15708598912756486,-0.03100482920747205,0.10075683525052614,-1.0,-1.0,-1.8968989056882202
0.9342936491877094,1.0,0.18735971161255371,0.41301906759035506,1.0,0.50455989876607,-2.1398334024804497
0.7421054915799514,1.0,-0.31352617115779474,0.134312308342047,-0.45187044924807673,-0.8239053414418878,3.215489989360975
-1.0,-0.38349598336777785,0.4318195137677948,-0.8449934538824819,-0.9633631055912361,-0.3134931204171531,-0.014262825431314421
0.043970407792633615,0.1492150183802461,0.22874276301242313,0.09430465088710188,-0.024405687903521156,1.0,2.3961559927944274
-0.31433166614079017,0.3960926278014442,-0.02653935988374767,0.3083490984339261,-0.06790587191521813,-0.36444938370353686,0.10339144547557598
-0.7452099078708403,0.7641609254641393,-0.9208523569638517,-0.026066754307005252,-0.5181729306392385,0.012372823882507156,0.5012264732458935
-0.8239836725880118,0.9238429020804484,0.5890201205921872,-0.21090261259248388,-0.5649371061200448,-1.0,-0.8483064905041304
1.0,1.0,0.33558479684733,0.1425353330640533,0.3912905306702426,-0.8227512985341563,0.4122274805395144
0.022609479816694922,0.45430186125300054,0.09661650165705171,1.0,0.2595784912805624,1.0,1.8618880557354436
-0.2194945659947481,0.02469018066748041,0.7170908178126999,0.7374131005514936,0.8871751789042339,0.532046999654794,-0.07640163764877465
0.9405448611780198,0.2124353737834671,1.0,0.6907201421436283,-1.0,-0.0991116186692822,3.2331270474001492
-0.15499085860294592,0.5395448683024778,0.8764110098891125,-0.249722482191362,0.11495837204887027,-0.687884531958773,1.3273439916065621
-1.0,-0.8661465834479586,1.0,0.17960434900248579,-1.0,-0.2772735229403691,-0.7804736958653538
0.7190195403830624,-1.0,-1.0,-1.0,-0.6458074300174381,0.21403162812217197,1.8461761229288172
-0.1579914799583213,-0.3773489649096553,0.38638313657143897,-0.6165184952444582,1.0,-0.7228806040461295,2.414390023041957
-1.0,-0.9108032366236354,-0.48788758040560887,-0.928353691766379,-1.0,0.008223807850321938,-0.058515096844108896
-0.21003744119276382,1.0,0.09677901643195952,1.0,0.14529746960933987,-0.4693327432476431,-0.5898318408059905
1.0,0.8404487094849513,-0.4980470113709954,1.0,-1.0,-1.0,10.59832612827957
-0.534080828439216,0.8740205444025796,0.21519230145601353,-1.0,-0.10515898467555657,-0.74778531770194,-1.6394584916770163
0.5824779524304797,0.21167950563329097,1.0,1.0,-0.14853175104375338,0.5824570069625993,-2.216772479764934
-0.14748532260498304,-0.5576407441628479,-0.16450937095945706,-1.0,-0.21292621866416095,0.21075886295287827,-0.07263089986072158
-0.2787951627133215,-0.27984179215434746,0.7099458470590584,0.11639964468319819,0.8165820533912356,-0.8726808636004753,1.8907168436428758
1.0,0.03382641700602568,-0.3712830553841915,-0.323436521974675,-0.27240062901771833,0.6509299887240927,1.784924237523021
-0.589328611119212,-1.0,-0.8348966003542906,-0.3591291759975741,-0.3443143752274842,0.6173411464604657,-2.7443722094043044
-0.09260885395955065,-1.0,-1.0,-0.7101145805190723,1.0,1.0,1.7560911651521163
-0.07158453601120385,0.010649499686765151,-0.24876537256653264,0.31846660617809536,0.6560572603827938,1.0,4.776736929207429
-0.208344733631398,-0.27284105677119697,-1.0,0.07571262218861388,-1.0,-0.38700253156540754,-1.683527379092246
0.7642621284453242,-0.9654796970961889,-0.22928069023577477,-0.796897339518135,-0.9154817871317447,0.6107110397520419,6.083925903628969
1.0,-0.9614921374492442,-1.0,0.6469091649813676,0.23392129984892363,0.2518881780038331,-1.2064161323263691
1.0,1.0,-0.09058770143306602,0.9043424150347594,1.0,0.816478182202624,-1.2141986012434072
-1.0,-1.0,-0.062465690099641646,-0.7548628907791213,-0.8409525240337992,-1.0,3.811071724547511
0.6345355402759348,0.4276486823421901,0.9983258621229326,-0.82099697703802,0.8994956268080446,0.5286218583789812,-2.370511334229601
0.554011945410771,-0.8770488041445654,-0.47457101212854125,1.0,-0.8917710883989134,-1.0,6.563657901541011
-0.4514756598553765,-1.0,-0.61247111814009,0.6906146345135358,-0.9782791552666446,-0.8914067353473253,-0.08934321521415056
0.03928192387649612,0.3114665343845238,0.3315353166303793,1.0,0.6014016914738068,1.0,2.8744967095745926
0.48080870057486536,0.8266345838509068,0.9431689033490669,0.13734556473133308,0.6812387109833462,0.04012143332079077,-2.0024432578822684
-1.0,-0.8929336363882969,-1.0,-0.1962068238321526,0.3554289256509984,1.0,3.520831795149205
0.2558325340807457,1.0,1.0,1.0,-0.769048562712612,1.0,-3.5088719985116863
0.07013241789050695,-0.7489862994705287,0.8592744421332726,0.9275061868010714,-0.48986581322147404,1.0,0.4120713737105393
-1.0,-0.5147030564701897,-0.9203905984670719,-1.0,-0.674755694959809,-1.0,3.410288528329136
-1.0,-0.2617448611561354,-1.0,-1.0,0.6167306882416088,1.0,5.833463691642746
-1.0,-0.06873547843755157,-0.961151826772069,-0.6683711736461033,-1.0,-1.0,-0.09635417345660646
-1.0,-1.0,-0.32567969221658766,-1.0,0.8978909196986434,-0.24434242321514132,1.344832612005016
0.24594762490348837,0.23879980118010402,0.7025799323089951,0.21336478196582231,0.8112064371094483,-0.5293162784452764,-0.09012510237671187
-0.07950173552679163,0.5392958797909615,0.6301840866633874,-0.024189418620541803,-0.553123853268825,-1.0,1.9431085141020819
-0.5528630108584973,1.0,-0.997203832366834,1.0,-1.0,-1.0,7.184481421807241
0.4847574800595623,0.5523171959617068,-0.23530390935566123,-0.5590780407652188,0.3901457635735821,1.0,4.481621399839829
1.0,0.1522212583035265,0.628484852093256,0.11110121833999809,0.7341916185414668,-0.5619412105978963,-1.1533329431678931
-0.4039588050577516,-0.11295347500287789,0.5381069960987148,-0.6420229988295917,-0.8057617291785386,1.0,-0.34788174623534507
0.6161220260411224,1.0,0.29025580372849347,1.0,0.6848065522781316,0.9640980383743143,-0.29344092423620277
0.045015171417263855,-0.009861918179577794,-1.0,-0.9904355410389771,0.48989999789519567,0.5058528354690635,0.9066471207189372
0.2575532123941462,-0.1344292944850255,1.0,0.4254786557538425,-0.8377519263329909,-0.1705244585530426,1.470474872864345
-0.9734573917269844,-1.0,-0.47562978603092,-0.848441874779255,0.9393695657963995,-1.0,6.175427510957306
0.5326487897733292,-0.5678148082912073,0.13683685490465464,0.4654576145204953,-0.1663070489251357,-1.0,3.852724218992887
0.6264467155838291,0.35527914201074473,0.256826127800504,-0.1031221031480477,-0.4425502124484417,-1.0,4.17821189570234
-1.0,-1.0,-0.30301153844782647,-0.8943416018425112,0.5932136778990722,0.5003407172072042,-2.062090769094725
-0.8315169145790106,-0.19584630040317574,-0.6370128126334461,1.0,-1.0,-0.9956575044787455,0.10024283863181901
-0.48819871982546403,0.8395924722167155,-0.08325287963816205,-0.2099174622405272,-0.14565366997144227,-0.6926546148527997,0.25269691100897623
-0.14168732051496807,0.26394476584077875,-0.027033458152641007,-0.4886139913963535,1.0,1.0,5.127187355853782
-1.0,-0.5472499419321167,0.42291928454007693,-0.5091312921949311,-0.3586690817394561,-0.16434663957028997,0.7377267648807403
0.24883683122931677,0.43694227168448974,0.7137909975068213,1.0,-1.0,-0.9865951748785862,4.9370194941016985
0.8436064852552535,-0.4733614212538334,-0.08470390228245578,0.5434271971760705,0.8086742557871933,0.35409553337218547,-1.4505920906490235
-0.5581235899964131,-0.4370555577649946,0.8071744383687249,-0.8126884553217966,0.3981831464693953,0.14498524725331707,-0.5444700975143175
-0.7791127768940238,-0.9846585660305179,-1.0,-1.0,-1.0,-1.0,5.435050174589781
-1.0,0.8291596294877766,-0.7772751732793306,0.006597106822258558,-0.4577410441554678,0.3358438047782401,1.5271421911064702
-0.7988165631234191,-0.44513407308345243,0.8953529164056342,-0.5130511849599806,-0.5394732164320701,-0.4933853124640273,-0.1913323993649788
1.0,1.0,0.672828270107048,1.0,-1.0,1.0,5.414866490856312
0.9505072013884772,0.08639525493017786,0.8821892816721852,0.8239924796719741,-0.3115896910241798,-1.0,4.92086211688074
0.819074813453665,-1.0,-0.20412907244842862,-0.41578740924383606,-0.560354384705019,-0.6653367083155083,3.843974238533945
-0.6634469069906337,-0.9921783966918563,0.9827869663113732,0.10909849209602362,-1.0,-0.22963728327371102,1.3534681371741564
0.6310843272577966,0.4491942741388005,-0.4801488841491522,0.8460787821101566,-0.3898366322640293,-0.07263572474759261,0.7158565378022083
0.12671474138600958,0.8463463921254735,0.9804082450063717,-0.3436225565808454,0.07938974713099056,-0.22083880482939916,-1.7105650468044071
-0.286730662747932,-0.8878508548900618,0.4375221710521776,-0.45999365243400026,0.3180477379845446,-1.0,6.990079097939684
0.7473923367902204,0.6600715949755629,0.08189652783673229,0.8901541867960623,-0.15635807843088212,-0.9113587493950069,4.59775266095279
-1.0,-1.0,-0.5055997631668524,0.7998781214172345,-0.44988269546527304,-0.7931487042837349,-1.8057253903870412
1.0,-0.006376892697901315,0.14532573998742432,0.36644013141315834,-0.14119374599059187,-1.0,5.374640065959125
-1.0,-1.0,-0.7838406908951571,-0.6625578503074687,-1.0,-0.04955595515690203,-2.1556175958019277
-0.7920990748127388,-0.21902245684306793,1.0,-0.17862648328330222,0.5496327242362964,-0.17323616793019614,1.3286035641721567
0.16882466338350582,-0.6860379558454589,-0.07948885511425552,0.6013398861505642,0.012552229821905736,0.5428646881926307,0.9031760381864846
-1.0,-0.07243792028207441,-0.6143004704183429,-1.0,-1.0,-0.33998728115554605,-1.5067631540146715
-0.017984258100558148,0.4849329971990327,1.0,1.0,-0.096951588173946,-0.47494068463046846,0.012299970603930843
-0.26974811207415783,0.0960480652341093,-0.10462860923664763,0.14773790333795628,0.41722408606312533,1.0,3.6722144703526527
0.8601379000348135,0.9582839338007039,1.0,-0.20784158215400506,1.0,0.6385268026925568,-4.301082428272808
0.8871749598868733,0.2919392620058162,-0.3306290508044105,-1.0,-0.5955162502567546,0.14302803219153074,2.6409253891477276
-1.0,0.41095183645277844,-0.35593092662215775,-0.9554152999372264,-0.6976188921701298,0.3258624548637036,-0.13563292981970365
0.6610507376435854,0.960043654937445,-0.2981865240499032,-0.1664145342281279,-0.4843378441787465,-0.0062823869432733215,1.5192231969455732
-0.28396432365570246,-0.2179485051329273,-1.0,-0.5857275259503243,0.08504598007443587,1.0,7.080772522200417
-1.0,-0.044574593050079825,0.19683750835783342,-0.9451038545715285,-0.4733707899420798,-1.0,0.9335547402388212
-0.5159667876692513,-0.4921241132798534,-0.12176063764257306,-0.17320257452123528,-1.0,-0.840902702239292,0.718915125545994
0.09375497124190191,-0.2979096584362108,-0.533531150183232,-0.13573519405398765,1.0,1.0,3.9329539303338485
1.0,0.43624270825321054,1.0,1.0,-1.0,-0.8102938319838442,7.7376285551620745
0.14751423022643673,0.6901246170735771,0.06442667296945936,1.0,0.5817704482329451,1.0,3.4866445248382543
-1.0,-0.5333968317853057,-0.87865688673931,-1.0,-1.0,-0.42962491454240115,-0.560908233855865
-1.0,-0.8884729628585992,-1.0,0.31588848429441674,-1.0,-1.0,-0.4502014228875052
1.0,0.4086687906439066,1.0,0.5503322202712322,0.7146602259995491,0.32932198716323935,-4.143775496893987
1.0,0.3488824690378791,1.0,-0.06045468835357409,-0.25347817741867273,-0.16113142683997117,0.5280179517048562
-1.0,-1.0,-1.0,-0.362768273439531,-1.0,-0.31199356318099714,-5.43334244676986
-0.42041006363317424,-0.9404895672203023,0.03137632678641189,0.1255970171333196,0.2792414625543641,0.5354341244379359,-0.2255352641464014
1.0,0.5553567837212183,0.5323814355361056,1.0,-1.0,0.39186689135531605,3.738145950281877
-1.0,0.1430945031300268,-0.9071277502214062,-0.8730007201693788,0.7311198320542197,0.5956859606573608,2.5989158491416853
-1.0,0.14315929106309466,-0.004792760568075594,0.007517541104624159,1.0,1.0,5.866437589488382
0.4288425940636707,1.0,0.6569577000325145,-0.16247949084581598,-0.9781894311444972,1.0,2.4504136767052573
1.0,0.8575426261126995,1.0,-0.13791978737990745,-1.0,0.4308144376514433,1.6606796267293111
-1.0,-1.0,-1.0,-1.0,-0.06525184431534525,-0.318126330370964,-5.550871798125872
-0.36777541926693347,-0.17992373080886193,-0.25203684543387195,0.017894084443851127,-0.5456066154635247,0.10528772961292265,-1.0467867807982045
-1.0,-0.38261160204550637,-1.0,-0.0950152538172282,-0.40788373914172826,-0.17120110157291218,-2.679544160870618
0.8556207529035829,0.3606788423838283,0.7290326163930705,0.860523123135465,-0.9976567619333745,1.0,3.699336120600856
-0.6012488243902443,-0.21709574792984232,0.8202649496892905,0.21669364001504496,0.8067693353841159,-0.023936475120019264,0.6613716462500372
-1.0,0.19442578600747001,0.14361897380183575,-0.2557468004040082,-0.2487025351790765,-0.466814532477273,-0.06788270154913131
-1.0,-1.0,0.01248203649642432,-0.11406862730626566,0.1296810891268218,1.0,-0.10060565705148955
0.4367233754809512,0.1278940015753205,-0.2808693981406373,0.4750617212975608,-0.9006418042181601,-1.0,3.3646440193242606
-0.8049416473839787,0.7859997566953563,0.1595489716344397,1.0,-0.16717474750876515,-0.39851265945171,-0.5766058911185866
-0.8891516894649866,-1.0,-0.051696771955694776,-1.0,1.0,1.0,2.2015204984895056
-0.2438423979771429,-1.0,0.1723853148881752,-0.6434745440080789,0.6817607726531165,1.0,1.1537245236472264
0.4468675374796519,0.726132172604348,-0.7381731499385521,-0.6672280895223766,-0.9830769250001534,-1.0,1.6734011584843842
-1.0,-0.3545887457001631,0.95445108864739,-0.45810763969325585,-0.678301301543859,-0.5708198117965966,-0.3038675572247577
-0.3134268251466692,-0.07749597256858676,-0.4798657460877422,-0.8845747854994642,-0.551113296027246,-1.0,1.6664177062570247
-0.0322050661850084,-1.0,-1.0,-1.0,0.26799616721385233,-0.10558659669753157,-4.55536510447857
0.5907313607706555,0.8462304313488811,1.0,0.644019894697422,0.7829715765226459,0.9788325418075636,-5.108931357609195
0.4258065007256582,0.5902038692877678,1.0,0.2758975662794043,0.6557117113875519,0.1702936572190955,-1.4288582258776827
-0.9486737702341662,0.6759277007864302,-0.5879459175551623,-0.231664316272984,1.0,-0.13867532134225785,3.3061828559387685
-0.324380125037364,0.722309345080703,-0.19183291994637208,-1.0,1.0,1.0,8.626189739197448
-0.8581315743059276,1.0,1.0,-0.47435394714189094,1.0,1.0,-0.8316841249193709
1.0,1.0,1.0,0.6263989753695329,0.24620727748062826,1.0,-5.7932286015875825
0.3245188144646357,-0.12290443495225067,0.7495046041669617,0.032415682215726105,0.029185182842230484,0.6670407178902145,-0.9519070043487485
-0.040203676816113365,-0.7774793597232659,-1.0,-1.0,-1.0,-1.0,4.95933539362563
-1.0,-1.0,-0.03348694340078684,-0.5228721385130434,-1.0,-1.0,2.6969008723660126
0.5528871883063893,1.0,1.0,1.0,-0.1447791643270413,-0.44627361156530887,-0.8593706626051962
-0.3107823688030997,-0.21629259322318042,-0.5587349272877057,0.6116526358335861,-0.5948353208833448,0.22545575443435034,-0.7152891050167054
-1.0,-1.0,-0.822936575887236,-0.14675662967619352,-0.32582212990990045,-1.0,2.7591580832367106
-1.0,-0.14309406385588397,-0.33954160762446506,-0.059663878061974485,1.0,-0.4790586475165931,3.85705947954185
-0.08816484503509989,-1.0,1.0,-1.0,-1.0,-1.0,10.303679951142003
-0.7631743184460854,0.3878023131530418,-0.9239679014861435,-0.6542069014380067,0.21950529880011072,1.0,8.108256432168309
-0.108525959572491,1.0,0.9432378503865104,0.030558826394358585,1.0,0.015874229513660243,-2.4175691448084438
-0.5868134400741203,-1.0,0.05178404874226318,-0.6836004812365211,0.19123286093787673,0.08100974912586148,0.40386623065543903
-1.0,-1.0,-0.6274393815970962,-0.8357722906259868,-0.8876983639011206,0.7161935120115789,-1.7019369005512255
-0.45364325908613456,-0.913864380093142,-0.30102180990559857,-0.4064317587096657,0.6757967508082211,-0.7796834408381885,3.37804833813897
1.0,0.3766488744339035,1.0,1.0,0.35962416774423595,-0.19083946096349402,-0.9629216474589808
-1.0,-0.32961232843023536,-0.6574863055776665,0.3223497108730585,-1.0,-0.053390378314916775,-3.5792715855628496
0.26391812906690093,0.8845995399376435,1.0,0.5071321721742836,1.0,1.0,-2.687650491216707
-1.0,-1.0,-0.29859501028231505,-0.8124359457012236,0.5980437212741936,-1.0,6.919975057299045
0.6494114805523179,0.6448520381324221,0.34667791524071734,0.6928292546355922,-0.49867626540992155,1.0,3.2295973184569373
1.0,1.0,0.48404032569537503,-0.22968554020802723,-0.28819889673927934,0.8231360212441124,1.5307080305373948
-0.8740575943170901,-0.0499848306073022,-0.7590486221181845,0.893143928030862,0.30976256557056214,-1.0,4.395560995586014
1.0,-1.0,-0.7635609073820269,0.668572257700345,-0.3099305769636087,-0.7975330251477273,1.470894844112185
1.0,0.05916279238887805,-0.2759959326273738,0.24051472948667577,-1.0,-0.5801648264608082,4.555902239296626
-1.0,-0.5244752049987524,-0.1529531398128522,-0.23499319835218574,-0.5808260353828094,-0.3462344496238505,-1.0073575657306253
-1.0,0.49135346424575066,-0.18606296353862317,0.5986205994558865,0.7653478060884318,-0.9838256939605514,4.7842902602690955
-1.0,-0.514796764084046,-1.0,-1.0,-0.41919290440989254,-1.0,4.140586720928124
1.0,1.0,0.5834122558370303,0.9796355072928371,1.0,1.0,-4.755747137057926
-0.37342280605422906,-1.0,-1.0,-0.4905870732389198,-0.2527192559074227,-0.06502682008097893,-3.1815158458279917
-0.32973770575716477,0.5853612356000177,0.6232507876939904,0.06199624217611341,1.0,0.7356116634390268,1.375508938995269
-1.0,0.6424847970455132,-0.27147984090865784,-0.24093315733217657,-0.9172905689028845,-0.3596273686389444,-3.0202549332136344
-0.38329609596261416,0.5096241825735046,-0.33814548411137757,-0.46071982942973677,1.0,1.0,6.818785236298043
-1.0,-0.7350742314293397,-1.0,-0.8264810170203813,-0.33603937102829107,-0.4586780833930023,-1.5911689995530662
1.0,0.9270546162189623,1.0,0.8340232540109613,-0.5638281673752212,-1.0,6.153195461082318
-0.3723160751199631,-0.4562404091784169,-1.0,-1.0,0.11405902235882676,0.20541894991408674,-2.001380841448738
-0.6968687987697159,0.5389643515743312,0.2649042302579685,0.891256993851518,1.0,0.2601588072669616,3.015942854881768
0.23821182054180978,0.8728451126750503,1.0,-0.46354938078310093,-0.3181145989500085,-0.5605057664841809,-1.6775459983239673
0.5787538722972402,-0.07231525659370155,0.4958571879420066,0.9096559302934387,0.8924540505503751,1.0,1.0999830370031156
-0.5234849004152926,-1.0,-0.7359046838375343,-1.0,0.6037032149631143,-0.5950419520369554,-0.3902389385735174
-1.0,0.7919642067356646,-0.005483003955514931,-1.0,1.0,1.0,8.314116188096621
-1.0,-0.6475767635344065,-1.0,-1.0,1.0,0.3269985606641602,-3.16905709055571
0.1499928832531151,0.3491977631866026,-1.0,0.052672129899489224,0.052782363416184586,-0.9353945306197803,2.12682421073149
-1.0,-0.4115531544778579,-0.0780057960828188,-1.0,-1.0,0.28139366836397106,-0.19368312505344637
1.0,0.778963101383326,0.41938635956583714,1.0,0.5487147831522895,1.0,-1.184341485778689
-0.8114756041343518,0.32651986023308865,0.796011976463762,-0.6557170643066598,-0.6790253175652553,0.4919119496500233,-2.449233981284994
-1.0,-1.0,-1.0,-0.6111056106982986,-0.6943440073000018,-1.0,3.08785394531108
-0.13771765346959564,-0.3332159549239152,-0.48479013892707845,0.9854000239267389,0.026144265761841035,0.2764949932781571,0.9073265947769782
-0.8608233867718045,-0.13789076604243555,0.38413462354144023,0.28794468245436067,0.3377240116178627,1.0,1.2913476104979555
0.5566538902025638,0.28522305109925616,-1.0,-0.22844036069804208,1.0,0.3847674988750711,-0.3730095342214734
-0.7996439642306975,-0.9446721998504971,0.41845918144197713,-0.3798386085709494,-0.25169803406300173,-1.0,4.8471937454151135
-0.9744999465980875,-0.5630827652926921,-0.14632759905887757,-1.0,0.3340927014823417,-0.42092748110201134,1.491357301768566
-0.008174882387890103,0.7001653957249772,1.0,1.0,-0.6871296442560815,-1.0,0.730816773604555
0.6717570024198399,1.0,0.026176002763857537,0.1291615247619451,1.0,0.4719431023679046,0.4550971976695111
0.665285591424861,0.8963104573050829,0.37399191782219254,0.6956026648058764,-0.7682887812267368,0.7036050400348676,2.6207523947273232
-0.8820265011543936,1.0,0.938273547735186,-1.0,-1.0,-0.5251008886969178,-4.906297498249584
0.10126875940517308,-0.09889808689087776,-1.0,-0.47471538926607826,0.9937785824544306,0.6688277645003693,1.966279869275672
-0.36974447823464174,-1.0,0.17532685988251773,-0.2079713450900847,0.4821399847331487,1.0,1.4057721777115608
0.20104677014980576,0.21220852853357242,1.0,1.0,0.7769202417036405,0.8336624836594511,-2.3411736511146657
0.7450872727573404,-0.3991972843455446,-0.4156587373436827,0.6305100153855631,-0.7158680029912355,0.2838289874648465,2.930107837246024
-0.6725842991175005,0.37197932549180235,0.10620497296681508,-0.08405831707506295,0.6629784790557467,0.8846212429606415,3.064014028603621
0.425198264324789,-1.0,0.07412938112165623,0.054950191834140405,0.499417263661051,0.36556086768927065,-0.9595440116941452
0.013724209869550918,1.0,0.8163303171415476,0.862730555656988,-0.6256717864679188,0.3270310822548965,-1.492288148589531
-0.3403251370741842,-0.07131501894536307,-1.0,-0.30529147797661105,0.3135300049540699,-0.2272678126829184,-0.8804928893643134
-1.0,-1.0,-0.5605908963474034,-0.8499279470240002,-0.025600763882178745,1.0,-2.6497058742621884
-0.6848013140480472,-0.2702456036503261,-0.8159650502988802,0.3970231384951356,0.023493097250969833,0.9454255035522356,5.427171620411475
0.44132800152761525,-0.37576658422798137,-0.04856877337317489,0.06601861221323962,0.11565578234510487,0.36185391621712615,0.10742374201723406
0.6554433770901029,-0.553107978867373,0.22464889360801676,-0.06505632150480316,1.0,0.334159059049142,-1.7503172128071438
0.12723430638277933,-1.0,-1.0,-0.4369040383419476,0.6529747437502385,0.9754553568771661,0.11958141919448773
0.19070570370876716,0.8283817809082323,0.8105498903454902,1.0,0.9271883612349676,0.06554570340792018,-3.9473607062138782
-0.9401728633816964,-1.0,0.4838357032879368,0.17150370789904984,0.10319819817293818,0.04809430910480139,1.3425417512291529
-0.08947148319171006,-0.6242756917736514,-0.47056708669591374,-0.1548833990344769,-1.0,-1.0,1.694333287517179
0.4732661510386428,-0.99541507935128,-1.0,0.39482009662559625,0.3503100919339934,1.0,1.6294093478627305
0.28851804010351506,0.5408165673208987,0.1637887963744148,0.011754012349655119,-1.0,-0.5815587287508877,1.0052039841404128
-1.0,-0.8158423435619306,0.5508362400200114,-1.0,0.9667311857514278,-0.7582346600202897,6.859827969268362
-1.0,-0.303531823474013,-1.0,-0.5584345442022279,-0.7202296302505443,1.0,5.473760360472861
0.8553985028408618,-0.6629850685078138,0.5693533776363691,1.0,1.0,0.128950361337544,-1.7276250422057584
1.0,1.0,0.26354271678312435,0.20855469718488995,0.13082733892467496,1.0,1.0545865144774065
-1.0,-1.0,-0.6205987271036172,1.0,0.4623238273820654,-0.10496025332909631,-3.4356298627874398
-1.0,-0.70395285410667,-0.1530683631073284,-0.2241851350206494,1.0,1.0,4.3447042546601145
-0.3137419027491193,-0.4451823122047569,-0.29376774052148535,-1.0,0.5259527053819526,-0.4381827228709949,1.871693994966551
-0.7461352548636077,-0.39015891168868966,-0.03924685031061026,-1.0,-1.0,0.25384442889212167,-0.2299061759293144
0.0125370514739091,1.0,-0.6263439293156556,0.4985764624046187,-0.43950171268073496,-1.0,4.395123902047688
-0.47572493594305465,-0.5031706988296775,-0.6219448818275364,-0.20470325063216188,-1.0,0.5707522397641243,0.44490695208687525
0.5275317918862699,-1.0,0.11513760038827481,-0.4375738433402907,0.384929046085295,0.4045233488221436,-1.205825926402266
-0.25393229869373096,0.8432793471905625,-0.4706659390105281,0.5252707091475962,-0.8774852422130011,0.9191214704312142,4.566986835711488
0.9552814535328558,-0.2574980435731736,0.46743412760366543,0.7248953293536865,0.4032127288512872,0.8108711479955231,-1.2968911193206416
1.0,-1.0,0.7078696205489747,-0.3145207071265541,-0.17770607443032804,-1.0,9.70836856801878
-0.04902730021949747,0.6502583061519387,0.32479779349986365,1.0,0.2792078950856107,-1.0,3.2905551438319565
-0.7090139311451938,-0.4471798844789767,-1.0,-1.0,0.6098414071895304,1.0,5.117027221279003
-0.030115700274517182,-0.5784553926149741,-0.7480244851845854,0.6376041099805085,0.9543254697767845,0.8593802008656108,4.30282733156928
1.0,-0.8436107454038393,-0.2402547974818673,0.06399668578918338,-0.8796618880851719,0.9910587160723928,6.046965856985332
0.3073518080213408,-0.31954011236465124,-0.34961807348353424,1.0,-0.5698749400278146,-0.7961420154830986,1.7809812163372036
0.7610627780039534,0.47944373942546803,1.0,0.4008353471471231,0.8992993221440939,0.9797522910129232,-3.8478228832042243
-0.3573019571123194,-1.0,1.0,-1.0,0.09330596104173394,0.10393540578150767,-0.49670783432811605
0.2243977679191289,1.0,0.15376423600014744,0.9837253659370158,-0.8458544487277606,-0.8086384634613223,5.467345019257053
-0.34979165257586686,1.0,0.2833243851053739,-0.37011026943794223,1.0,0.7385769562582944,3.4636115976776187
-0.030847888330450268,-0.08719397737647894,-0.8803483860292088,-0.9928413374573223,1.0,0.598805561180977,3.345077308969157
1.0,0.02630182902830791,1.0,1.0,-0.37648300714989463,-0.015985764474554354,0.7447118588644155
-0.2875356849419854,0.09136022356192161,-0.4264107902229024,-0.8179868714343168,0.6421732055290931,-0.09423293563282797,0.5591095894786529
-0.5934320796770018,-0.5001967276764335,-0.7719656325044648,-0.06273586374371637,-1.0,1.0,3.8326252558864438
0.16792122341634513,0.29901870852814505,0.7984100053903859,0.3846110154933189,-0.5941670265913426,-0.40953319122294585,1.0283554693809003
1.0,1.0,0.2795120834625294,-0.8735774991855949,1.0,0.03996675121867044,-0.36874886172483673
-0.6568872815153521,-1.0,-0.9365216035016816,-1.0,0.07977305325565986,1.0,-1.2740431674659005
0.4050825647863885,-0.04656158952866385,0.07357915786896607,-0.6413104382587702,-0.810596841270022,0.8490369738689475,3.787923036027033
1.0,1.0,1.0,-0.6168113811147878,0.7402462151405835,-0.20899229957658072,-3.347047947122981
-1.0,-0.6583979210023938,-0.2692493616803451,-1.0,-1.0,-0.13929055721374228,0.6006085174327187
1.0,-0.3724119979575648,1.0,0.2342654084158009,1.0,1.0,-7.55931806807207
0.3913207103294254,0.70847167494777,0.7692067798814886,0.16645982184480107,0.7541099254591537,-0.06104107041133133,-1.3498366130280561
-0.9784610080895857,-1.0,-1.0,-0.4085946938475551,0.7278290734696929,0.37774530932610273,-4.488160969939986
-0.7392198184058149,-0.1642264936172062,-0.03724074945213812,-0.5042402247539743,-1.0,-0.8571214663324689,-1.0449292561329466
-0.9609312722556667,-0.4461729735794244,-0.367192049378133,0.3137311400708144,-1.0,0.5929496390020278,-1.8156626273487557
0.692351434582579,0.6370734114385814,0.45142806219126286,0.359330930332894,1.0,1.0,-0.8912466490438115
0.4189061304256118,0.8772338983911928,-0.20750380853196554,-0.9433350289340076,-0.5251476604521196,-1.0,2.4934502948004664
-0.5784246426900588,-0.6170484247220349,-0.6485792430411526,-1.0,-0.0459283540492218,-1.0,3.036689815628718
1.0,1.0,1.0,1.0,-0.3643716361632527,0.8092358832844165,-1.6307988801784972
-0.3262117973282822,-1.0,-1.0,-0.8013709121682161,-0.8994607983764934,0.19864409894424245,-0.7212149668241886
-0.1429010893058369,-1.0,1.0,0.26667762565067044,0.5112794339387041,0.07391036456042288,2.185134697071058
-0.542411812395547,-0.8888676288198742,-0.05645369218860652,-0.31236813964191734,-1.0,-1.0,2.555010330908129
-0.17252808242391993,0.8390252425128825,0.7923845995008777,0.5254046687552997,0.7014391573464114,0.2029535782329194,-1.8895815631823853
-1.0,-0.16594905225469647,-1.0,-0.17961849714534783,1.0,0.18224890503330055,-1.203649341364338
-1.0,-0.23004134997312642,-1.0,-1.0,1.0,0.2895521807436656,0.3183717332312336
-0.2529255328601604,-0.020555484015560954,-1.0,-0.17199363713419136,0.5782094564629566,0.6428932396305407,2.277033299196396
-1.0,-1.0,0.16960900804682777,-0.6490436576474155,-0.31122772457175923,0.4763981993076833,-2.289666314684114
1.0,0.23443289083789054,0.22536801541989693,0.31312096327203665,-0.9004208605168093,0.40771365185721414,3.40321420600936
-0.7787760938232426,-0.45353195808078883,-1.0,-0.6131118202106081,1.0,1.0,6.334762548426349
1.0,1.0,-0.3460258980261397,1.0,0.15525684517624405,1.0,3.4246128473879036
-0.3853814228056405,0.8095203171177434,-1.0,-1.0,-1.0,-0.6183376253582962,0.12773322159553985
-0.24189905098386522,-0.16172824920191642,0.5190052004682517,0.6940079626128377,1.0,0.9631277060367951,3.611629070726404
-1.0,-0.2147464431017122,-1.0,0.04167760264582182,0.3087193051427022,0.7469626971521282,4.2248873874332835
0.629634879496108,-0.2772687217239278,0.1820761881833861,-0.7058457519066488,-0.9780132316802654,-0.5599319596310333,5.104539971707493
0.18938844465023516,0.8529458899126099,0.054057414421429584,-0.5894935071979492,-0.18911961914302622,0.06284717720631483,0.7897384431067289
0.3630313547870365,0.1315931986270475,-0.19426890667339602,-0.3252338564572055,-0.5386324840776753,-0.6881126513724138,1.4686686679940555
0.1143950248071901,1.0,0.6399917696680795,0.11074305476509005,0.14341385185183952,0.6354690208579332,-1.949893798179986
-0.14931216284223828,0.43845198650960454,1.0,-0.6998229309149688,0.6020519371532544,1.0,0.023494767232497216
-0.8977835327915739,-0.11186890025234297,-1.0,-0.20624324473502176,-0.6202044243156263,1.0,6.228877980669249
0.6301009164385711,1.0,0.8835678921477816,0.44677144954575265,1.0,1.0,-4.12852834993593
0.23813409492195436,0.6418207115022001,0.46077440015465165,0.5501029464947935,-0.5753228204202043,0.557350356043096,-0.07822550456845345
0.7237309116023035,-0.9725496850464713,-1.0,1.0,-0.7022987517397254,0.4074691357166531,1.7587095128425716
1.0,0.13880102665458893,1.0,1.0,-0.9321904247991744,-0.06168255555919924,3.575533863837819
-0.6571404663539493,-0.7100140610563224,-0.048193909327022166,-0.36202844020249114,-0.6324093430283162,-1.0,2.600221087448998
1.0,1.0,1.0,0.6643672494117863,-1.0,-1.0,6.057461400982832
